Proteoform ID	Aggregated Observation ID	SGD ID	Gene Name	Protein Fragment Type	PTM Type	Mass Difference	Retention Time	Aggregated Intensity	Stress Quantified Proteoform Intensity	Normal Quantified Proteoform Intensity	Statistically Significant	
P02293_2full131_1G_P1_1T	E159	YDR224C	HTB1	full-met-cleaved		0.00461807676583703	57.6841289888856	419061218.43	147908766.62	362890765.59	True
P02294_2full131_1G_P14_1T	E647	YBL002W	HTB2	full-met-cleaved	Acetyl; Acetyl; Acetyl; Acetyl	0.00707867252822325	60.8008962075923	25774515.06	30328569.13	8253940.68816692	True
P02294_2full131_1G_P4_1T	E88	YBL002W	HTB2	full-met-cleaved	Acetyl	0.00711796239011164	60.4258922206584	1214122675.91	424383614.18	789170575.55	True
P02294_2full131_1G_P6_1T	E273	YBL002W	HTB2	full-met-cleaved	Acetyl; Ox	0.0111897464012145	59.3703008409676	79713332.33	95755562.98	190318128.58	True
P02309_2full103_1G_P9_1T	E115	YBR009C	HHF1	full-met-cleaved	Acetyl; Acetyl; Missed Monoisotopic (-1)	-1.00316019461388	57.0185895628092	746140936.55	9721641.40744596	135818054.01	True
P04456_2full142_1G_P1_1T	E190	YOL127W	RPL25	full-met-cleaved	Missing Isoleucine (I)	-113.089860891614	51.2615143463753	445128039.91	106966269.92	614728044.56	True
P04456_2full142_1G_P14_1T	E886	YOL127W	RPL25	full-met-cleaved	Ox; Ox	-0.00200600929019856	52.9561014852977	17264760.52	52010710.52	293920866.667575	True
P04456_2full142_1G_P4_1T	E97	YOL127W	RPL25	full-met-cleaved	Ox	-0.00475609973000246	53.0931860433498	535621540.08	466137715.47	2023597950.86	True
P04650_2full51_1G_P1_1T	E411	YJL189W	RPL39	full-met-cleaved	Sulfate Adduct; Ox	113.986452293874	44.9324109040139	149512671.07	13813707.21	41667904.59	True
P04912_2full132_1G_P3_2T	E278	YBL003C	HTA2	full-met-cleaved;full-met-cleaved	Acetyl; Missed Monoisotopic (-1); Acetyl; Acetyl	84.0197062787811	62.5000421515495	272565708.05	398147439.82	163279575.02	True
P05738_2full191_1G_P1_1T	E307	YGL147C	RPL9A	full-met-cleaved	Retained Met	131.03154125252	55.9807203420201	98680759.54	301847359.37	1036318634.43	True
P05747_2full59_1G_P1_1T	E288	YFR032C-A	RPL29	full-met-cleaved	Ox	15.9963213537631	30.6517183100769	346083170.88	10551318.0700799	23796350.97	True
P05747_2full59_1G_P1_1T	E1143	YFR032C-A	RPL29	full-met-cleaved	Acetyl; Acetyl	84.0489668103855	32.496349635001	45118167.12	7513201.5939165	1554779.74135527	True
P0CX27_2full106_2G_P3_1T	E597	YNL162W	RPL42A	full-met-cleaved	Methyl; Methyl; Acetyl; Missing Valine (V)	-57.0302164358436	44.9527593691139	48552362.89	10714820.2103463	63974105.96	True
P0CX30_2full145_2G_P1_1T	E90	YPR132W	RPS23B	full-met-cleaved	Ox; Ox	31.9833058773875	49.3865462055023	1316644702.38	315029771.3	1465949841.43	True
P0CX85_2full120_2G_P1_1T	E222	YDL136W	RPL35B	full-met-cleaved	Missing Alanine (A)	-71.0434534563828	48.6586196669721	184521892.69	42008614.9003008	129444772.111003	True
P0CX87_2full25_2G_P1_1T	E1583	YDL133C-A	RPL41B	full-met-cleaved	Retained Met	131.041106796116	28.7893419340651	5313265.96	8413188.49	18537919.72	True
P11632_2full93_1G_P1_1T	E445	YPR052C	NHP6A	full-met-cleaved	Missing Alanine (A); Missing Leucine (L)	-113.084550944825	48.1277775087118	91737684.39	33769256.7997223	151610463.26	True
P36105_2full138_1G_P4_1T	E135	YKL006W	RPL14A	full-met-cleaved	Acetyl; Acetone Artifact	98.0635533584245	53.9846357196975	408754402.09	136757103.09	412756919.274965	True
P38061_2full130_1G_P23_1T	E789	YBL092W	RPL32	full-met-cleaved	Ammonia loss; Deamidation	0.00692925957446278	49.7738407855965	15293098.98	28609742.9661459	86993189.03	True
P38804_2full111_1G_P1_1T	E706	YHR087W	RTC3	full-met-cleaved	Acetyl	42.0014086963856	65.0610127926698	27241468.66	20889516.5030013	4599581.10029507	True
P39939_2full119_1G_P1_1T	E271	YER131W	RPS26B	full-met-cleaved	Missing Leucine (L); Carbamidomethyl	57.0376444365575	46.3539841962605	233400552.35	116154133.71739	347587825.55	True
P40212_2full199_1G_P13_1T	E581	YMR142C	RPL13B	full-met-cleaved	Methyl; Methyl	-0.0201553920342121	50.2550913530412	12181227.43	418983178.27	1252854770.1	True
P52870_2full82_1G_P1_1T	E460	YER087C-B	SBH1	full-met-cleaved	Acetyl; Phospho	79.9651421558065	83.6213107064329	196049597.74	41671819.94	12748359.7758923	True
P61830_2full136_1G_P40_1T	E366	YBR010W	HHT1	full-met-cleaved	Methyl, Methyl, Methyl; Methyl, Methyl; Missed Monoisotopic (-1)	-1.00902022192713	63.0436551506166	57894419.78	40037877.29	143277093.32	True
P61830_2full136_1G_P43_1T	E177	YBR010W	HHT1	full-met-cleaved	Methyl, Methyl; Methyl, Methyl; Methyl, Methyl; Missed Monoisotopic (-1)	-1.00734725957227	63.2016367275963	339550324.09	132965510.56	365775043.66	True
Q08245_2full113_1G_P29_1T	E1034	YOL109W	ZEO1	full-met-cleaved	Acetyl; Sulfonation	-0.0150278497094405	49.6634183989027	5452290.09	102726140.9	9280965.99535751	True
Q08245_2full113_1G_P4_1T	E6	YOL109W	ZEO1	full-met-cleaved	Acetyl	-0.0038184682798601	50.2518391490951	3560661762.33	6312154980.42	3318867566.88	True
Q6Q547_2full58_1G_P2_1T	E300	YHR072W-A	NOP10	full-met-cleaved	Ox; Retained Met	131.038072619476	46.5258476904745	273116100.8	21667003.7	38112325.76	True
A0A023PZE6_17frag104_1G_P3_1T	E424	YDR048C		chain	Ox; Ox; Carbamidomethyl	57.027674576575	60.7821484232175	99597515.42	0	0	False
O13521_2full115_1G_P3_1T	E1169	YPL035C		full-met-cleaved	Ox; Ox; Missed Monoisotopic (-1)	-1.00277845556411	73.4026830757131	8287126.77	0	0	False
O13521_2full115_1G_P3_1T	E1813	YPL035C		full-met-cleaved	Ox; Ox; Missed Monoisotopic (-1); Ox	15.9978419536001	73.1334191666667	346697.64	0	0	False
O13542_2full113_1G_P1_1T	E1074	YLR282C		full-met-cleaved	Ammonia loss	-16.9966039384362	74.2139381696401	5683589.48	0	0	False
O14455_2full100_1G_P1_1T	E47	YPL249C-A	RPL36B	full-met-cleaved		-0.00594085410921252	47.9590505332149	3741559498.66	1073572954.84	2456565897.66	False
O14455_2full100_1G_P1_1T	E1213	YPL249C-A	RPL36B	full-met-cleaved		-0.00356302608452097	57.1648025127693	8888570.38	0	0	False
O14455_2full100_1G_P1_1T	E708	YPL249C-A	RPL36B	full-met-cleaved	Missing Alanine (A)	-71.0380794685771	48.111956398125	18258954.71	0	0	False
O14455_2full100_1G_P2_1T	E178	YPL249C-A	RPL36B	full-met-cleaved	Ox	-0.00515016489407572	47.8356316944981	528495629.72	626826426.28	1320427193.66	False
O14455_2full100_1G_P2_1T	E678	YPL249C-A	RPL36B	full-met-cleaved	Ox; Sulfate Adduct	97.9658486914504	48.9432363510047	22803252.49	0	0	False
O14455_2full100_1G_P4_1T	E585	YPL249C-A	RPL36B	full-met-cleaved	Ox; Ox	0.0042873027978203	48.698472590622	31676395.86	67366362.77	123214370.75	False
O14467_2full151_1G_P6_1T	E536	YOR298C-A	MBF1	full-met-cleaved	Ox; Phospho; Missing Serine (S); Ox	-70.997814212009	48.2385890766678	35482989.26	0	0	False
O94742_2full89_1G_P3_1T	E654	YDR363W-A	SEM1	full-met-cleaved	Acetyl; Missed Monoisotopic (-1)	-1.00573283321683	55.0232362930592	27516046.69	0	0	False
P00128_2full127_1G_P1_1T	E1417	YDR529C	QCR7	full-met-cleaved		0.00571789373316278	61.7358781531508	2436965.91	0	0	False
P00427_41frag148_1G_P1_1T	E1305	YHR051W	COX6	chain		-0.00192042625712929	68.2401100507579	3609366.43	0	0	False
P00445_2full154_1G_P19_1T	E32	YJR104C	SOD1	full-met-cleaved	Ammonia loss; Ox	0.0232099276872759	51.1795577847642	3146060985.89	346280347.01	421190671.71	False
P00445_2full154_1G_P21_1T	E174	YJR104C	SOD1	full-met-cleaved	Methyl; Deamidation	-0.0112590995959181	51.1512824368844	404747633.48	96075518.33	145415516.47	False
P02293_2full131_1G_P4_1T	E91	YDR224C	HTB1	full-met-cleaved	Acetyl	-0.00120539261115482	58.90769874912	1483325901.71	414578527.56	632178028.34	False
P02293_2full131_1G_P8_1T	E287	YDR224C	HTB1	full-met-cleaved	Acetyl; Acetyl	-0.00232242465790478	60.4757676378826	217938792.9	74960454.5	98376820.57	False
P02293_2full131_1G_P8_1T	E442	YDR224C	HTB1	full-met-cleaved	Acetyl; Acetyl	-0.0125550185530301	54.737675	13375415.17	0	0	False
P02293_2full131_1G_P9_1T	E515	YDR224C	HTB1	full-met-cleaved	Acetyl; Acetyl; Acetyl	0.000726242717064451	60.6489670500364	56313770.54	52853671.6209819	26354039.5801821	False
P02294_2full131_1G_P1_1T	E414	YBL002W	HTB2	full-met-cleaved		-0.0109148351930344	54.667771031411	31999028.64	0	0	False
P02294_2full131_1G_P11_1T	E376	YBL002W	HTB2	full-met-cleaved	Acetyl; Acetyl; Acetyl	0.01204429257632	60.562168193473	160063411.18	43095265.58	65964296.91	False
P02294_2full131_1G_P14_1T	E1738	YBL002W	HTB2	full-met-cleaved	Acetyl; Acetyl; Acetyl; Acetyl; Acetyl	42.0104539746608	61.190948297524	908778.71	0	0	False
P02294_2full131_1G_P4_1T	E126	YBL002W	HTB2	full-met-cleaved	Acetyl	-0.00667109146706935	54.9949866570195	365959201.51	0	0	False
P02294_2full131_1G_P6_1T	E518	YBL002W	HTB2	full-met-cleaved	Acetyl; Ox; Missing Alanine (A)	-70.9911553611528	44.914015	10517449.55	0	0	False
P02294_2full131_1G_P8_1T	E215	YBL002W	HTB2	full-met-cleaved	Acetyl; Acetyl	0.010789409854624	60.4084010681557	399541868.66	147629423.68	195466561.69	False
P02294_2full131_1G_P8_1T	E1066	YBL002W	HTB2	full-met-cleaved	Acetyl; Acetyl; Ox	15.9957463969677	59.4768809243373	3113719.63	0	0	False
P02309_2full103_1G_P10_1T	E223	YBR009C	HHF1	full-met-cleaved	Acetyl; Acetyl; Acetyl; Missed Monoisotopic (-1)	-1.0043648231167	57.8472730772457	356861061.06	37284899.7573202	102457647.6	False
P02309_2full103_1G_P10_1T	E1230	YBR009C	HHF1	full-met-cleaved	Acetyl; Acetyl; Acetyl; Missed Monoisotopic (-1)	-1.00450537648976	63.7444765603949	3495541.84	0	0	False
P02309_2full103_1G_P10_1T	E612	YBR009C	HHF1	full-met-cleaved	Acetyl; Acetyl; Acetyl; Missed Monoisotopic (-1); Acetyl; Acetyl	84.0212051356957	59.7512802057039	36405571.02	0	0	False
P02309_2full103_1G_P11_1T	E327	YBR009C	HHF1	full-met-cleaved	Acetyl; Acetyl; Acetyl; Acetyl; Missed Monoisotopic (-1)	-1.00512692332268	59.1666544764524	108304969.9	0	0	False
P02309_2full103_1G_P4_1T	E511	YBR009C	HHF1	full-met-cleaved	Acetyl; Missed Monoisotopic (-1)	-0.999905313126874	56.3787057431433	44183242.42	0	0	False
P02309_2full103_1G_P9_1T	E362	YBR009C	HHF1	full-met-cleaved	Acetyl; Acetyl; Missed Monoisotopic (-1); Sulfate Adduct; Phospho	177.93856445251	56.1635868350872	74266197.87	0	0	False
P02400_2full110_1G_P1_1T	E884	YDR382W	RPP2B	full-met-cleaved	Retained Met	131.033378487859	64.307307494044	38716293.52	0	0	False
P02400_2full110_1G_P13_1T	E72	YDR382W	RPP2B	full-met-cleaved	Ox; Phospho; Retained Met	131.033989598951	63.5883169664888	2512890221.17	441318080.239912	497344753.95727	False
P02400_2full110_1G_P13_1T	E246	YDR382W	RPP2B	full-met-cleaved	Ox; Phospho; Retained Met; Ox	147.027129270205	63.2501341565647	421280173.5	0	0	False
P02400_2full110_1G_P3_1T	E46	YDR382W	RPP2B	full-met-cleaved	Phospho; Retained Met	131.032023795467	64.0955009044875	3796005637.67	210287816.670579	239010206.296336	False
P02400_2full110_1G_P3_1T	E1420	YDR382W	RPP2B	full-met-cleaved	Phospho; Retained Met	131.035023618553	69.5047172224277	3911135.46	0	0	False
P02400_2full110_1G_P3_1T	E1166	YDR382W	RPP2B	full-met-cleaved	Phospho; Retained Met; Acetone Artifact	98.0714161772157	65.3894111079988	8950864.12	0	0	False
P02400_2full110_1G_P8_1T	E2072	YDR382W	RPP2B	full-met-cleaved	Phospho; Ox; Retained Met	131.043479565082	69.1916666666667	91635.75	0	0	False
P02406_2full149_1G_P1_1T	E392	YGL103W	RPL28	full-met-cleaved		-0.0251459897226596	56.0045584703963	52946426.34	7305250.31855301	22330794.85	False
P02406_2full149_1G_P2_1T	E727	YGL103W	RPL28	full-met-cleaved	Ox	0.00924684150595567	55.9474396163196	20006855.99	69359690.2	111228835.67	False
P02407_2full136_1G_P1_1T	E50	YML024W	RPS17A	full-met-cleaved		-0.00113194957521046	51.5936710233215	2940857026.09	865282325.69	2160612990.7	False
P04456_2full142_1G_P1_1T	E55	YOL127W	RPL25	full-met-cleaved		-0.0103926334468269	51.5318727496029	2564212356.49	1009963002.87	2545872866.84	False
P04456_2full142_1G_P1_1T	E1303	YOL127W	RPL25	full-met-cleaved		0.00260454578710778	57.296945414461	3912721.69	0	0	False
P04456_2full142_1G_P1_1T	E498	YOL127W	RPL25	full-met-cleaved	Acetone Artifact	98.0677990571476	51.4191830147788	38821089.93	0	0	False
P04456_2full142_1G_P1_1T	E1964	YOL127W	RPL25	full-met-cleaved	Missing Isoleucine (I); Ox; Ox	32.0208850689196	52.3999757753229	340274.44	0	0	False
P04650_2full51_1G_P1_1T	E10	YJL189W	RPL39	full-met-cleaved		0.00419330263684969	44.840343755342	7159823369.87	1053087795.45	1582340743.17	False
P04650_2full51_1G_P1_1T	E743	YJL189W	RPL39	full-met-cleaved		-0.00133053016543272	52.9720677089746	55050456.98	0	0	False
P04650_2full51_1G_P1_1T	E320	YJL189W	RPL39	full-met-cleaved	Acetone Artifact	98.07241259686	45.0657617084793	194456014.76	0	0	False
P04650_2full51_1G_P1_1T	E426	YJL189W	RPL39	full-met-cleaved	Missing Alanine (A)	-71.0308249467389	45.0328722588398	98536328.1	0	0	False
P04650_2full51_1G_P1_1T	E429	YJL189W	RPL39	full-met-cleaved	Missing Isoleucine (I)	-113.083391002153	44.3750460816106	148162119.28	0	0	False
P04650_2full51_1G_P1_1T	E470	YJL189W	RPL39	full-met-cleaved	Sulfate Adduct	97.9629670228269	44.956324789032	131930856.74	29103508.91	65021187.41	False
P04650_2full51_1G_P1_1T	E1727	YJL189W	RPL39	full-met-cleaved	Missing Isoleucine (I)	-113.08533010707	52.2665682206845	1118740.46	0	0	False
P04650_2full51_1G_P1_1T	E1761	YJL189W	RPL39	full-met-cleaved	Acetone Artifact	98.0720883316571	53.8455352456745	879177.71	0	0	False
P04650_2full51_1G_P1_1T	E756	YJL189W	RPL39	full-met-cleaved	Missing Alanine (A); Acetone Artifact; Carbamidomethyl	155.090351744524	45.1446075969815	28133407.92	0	0	False
P04650_2full51_1G_P12_1T	E474	YJL189W	RPL39	full-met-cleaved	Ox; Ox; Ox	15.993288804726	44.1156826124861	115548059.31	12701917.08	66288717.69	False
P04650_2full51_1G_P12_1T	E777	YJL189W	RPL39	full-met-cleaved	Ox; Ox; Ox; Ox	31.9884336768428	43.885928995994	20042263.96	14351816.0693253	15485689.33	False
P04650_2full51_1G_P14_1T	E1591	YJL189W	RPL39	full-met-cleaved	Ammonia loss; Ox; Retained Met	130.996536666234	44.2012718997346	2489267.27	24901153.1084033	50300578.91	False
P04650_2full51_1G_P2_1T	E56	YJL189W	RPL39	full-met-cleaved	Ox	0.00453117571578332	44.5030085521009	3848234760.77	1053800337.06	1638396728.68	False
P04650_2full51_1G_P2_1T	E788	YJL189W	RPL39	full-met-cleaved	Ox; Acetone Artifact	98.0748564156138	44.6117739667205	8615388.79	0	0	False
P04650_2full51_1G_P2_1T	E1679	YJL189W	RPL39	full-met-cleaved	Ox; Missing Alanine (A)	-71.0334554114825	44.372142373851	632781.5	0	0	False
P04650_2full51_1G_P2_1T	E656	YJL189W	RPL39	full-met-cleaved	Ox; Missing Isoleucine (I)	-113.081641990909	44.1856072363453	91454316.62	50227871.84	63221653	False
P04650_2full51_1G_P4_1T	E1338	YJL189W	RPL39	full-met-cleaved	Ox	-0.00295919220479846	52.5653283981356	15034629.61	0	0	False
P04650_2full51_1G_P5_1T	E1901	YJL189W	RPL39	full-met-cleaved	Ammonia loss; Retained Met	131.021643160269	53.4164800758524	404995.91	0	0	False
P04650_2full51_1G_P6_1T	E81	YJL189W	RPL39	full-met-cleaved	Ox; Ox	0.00293840784161148	44.1853621702446	2280134907.99	1119147481.57	1559076020.92	False
P04650_2full51_1G_P6_1T	E1697	YJL189W	RPL39	full-met-cleaved	Ox; Ox	0.0030142990690365	52.2597610184686	1726904.81	0	0	False
P04650_2full51_1G_P6_1T	E818	YJL189W	RPL39	full-met-cleaved	Ox; Ox; Missing Isoleucine (I)	-113.08153367915	43.9531663007382	92525837.39	88524580.69	106267132.08	False
P04912_2full132_1G_P1_2T	E138	YBL003C	HTA2	full-met-cleaved;full-met-cleaved	Ammonia loss	-17.006488754645	54.2947322975607	193921819.06	0	0	False
P04912_2full132_1G_P3_2T	E15	YBL003C	HTA2	full-met-cleaved;full-met-cleaved	Acetyl; Missed Monoisotopic (-1)	-1.00155217777501	61.2808360554725	10015917778.92	3602345941.03	6071461041.22	False
P04912_2full132_1G_P3_2T	E758	YBL003C	HTA2	full-met-cleaved;full-met-cleaved	Acetyl; Missed Monoisotopic (-1); Phospho; Phospho; Phospho	239.904049600014	62.9099840365668	26512751.25	0	0	False
P05319_2full106_1G_P1_1T	E720	YOL039W	RPP2A	full-met-cleaved	Retained Met	131.033824083823	65.0366968764924	82098774.81	0	0	False
P05319_2full106_1G_P2_1T	E834	YOL039W	RPP2A	full-met-cleaved	Ox; Retained Met	131.034151107997	64.4051537374342	36435521.27	0	0	False
P05319_2full106_1G_P4_1T	E57	YOL039W	RPP2A	full-met-cleaved	Phospho; Retained Met	131.033940547652	65.166420783452	2699119630.76	0	0	False
P05319_2full106_1G_P4_1T	E1985	YOL039W	RPP2A	full-met-cleaved	Phospho; Retained Met	131.029386859509	70.4849991666667	155332.65	0	0	False
P05319_2full106_1G_P4_1T	E742	YOL039W	RPP2A	full-met-cleaved	Phospho; Retained Met; Acetone Artifact	98.0712115938786	66.0760654440946	49668166.55	85664602.56	34308638.1319129	False
P05319_2full106_1G_P4_1T	E704	YOL039W	RPP2A	full-met-cleaved	Phospho; Retained Met; Acetyl	42.0423520790355	63.2455121541823	16814147.68	0	0	False
P05319_2full106_1G_P4_1T	E1488	YOL039W	RPP2A	full-met-cleaved	Phospho; Retained Met; Hydrogen Dodecyl Sulfate	266.163750979851	68.7863877946024	4165945.73	0	0	False
P05319_2full106_1G_P4_1T	E638	YOL039W	RPP2A	full-met-cleaved	Phospho; Retained Met; Acetyl; Ox	58.0405484146013	63.4649866279304	24318338.64	0	0	False
P05319_2full106_1G_P4_1T	E917	YOL039W	RPP2A	full-met-cleaved	Phospho; Retained Met; Acetone Artifact; Ox	114.067203319741	65.5937407223002	14712073.38	0	0	False
P05319_2full106_1G_P4_1T	E1244	YOL039W	RPP2A	full-met-cleaved	Phospho; Retained Met; Acetyl; Acetyl	84.0585047098575	66.0540669556076	4810868.57	0	0	False
P05319_2full106_1G_P8_1T	E65	YOL039W	RPP2A	full-met-cleaved	Phospho; Ox; Retained Met	131.033648408384	64.637100236519	2843347819.27	292679786.4081	313335599.424141	False
P05319_2full106_1G_P8_1T	E193	YOL039W	RPP2A	full-met-cleaved	Phospho; Ox; Retained Met; Ox	147.028583183752	64.1725389298338	448300239.05	0	0	False
P05319_2full106_1G_P8_1T	E1435	YOL039W	RPP2A	full-met-cleaved	Phospho; Ox; Retained Met; Acetyl; Ox	58.0415715586296	63.0608783333333	1262045.29	0	0	False
P05740_2full184_1G_P1_1T	E173	YKL180W	RPL17A	full-met-cleaved	Deamidation	0.982217543325532	52.5268030134517	1059365293.41	1881243706.99	2229357916.42	False
P05744_2full107_1G_P1_1T	E3	YPL143W	RPL33A	full-met-cleaved		-0.00205483694298891	50.1779953087186	8836376464.87	4100164725.19	3938403196.28	False
P05744_2full107_1G_P1_1T	E1007	YPL143W	RPL33A	full-met-cleaved		-0.00449171764557832	57.9515392909666	10315505.74	0	0	False
P05744_2full107_1G_P1_1T	E119	YPL143W	RPL33A	full-met-cleaved	Missing Isoleucine (I)	-113.088779244546	49.2170824378537	556854153.77	106719467.745709	194826590.397153	False
P05744_2full107_1G_P7_1T	E147	YPL143W	RPL33A	full-met-cleaved	Acetyl; Methyl; Acetyl	42.0121631506463	50.5651041803012	772123080.8	296184401.04158	305912341.639708	False
P05745_2full100_1G_P1_1T	E128	YMR194W	RPL36A	full-met-cleaved		-0.00944835341942962	48.0309928321766	994315355.08	560483940.49	770289001.01	False
P05745_2full100_1G_P2_1T	E1919	YMR194W	RPL36A	full-met-cleaved	Ox; Ammonia loss	-17.0047428476046	55.733275	216799.13	0	0	False
P05745_2full100_1G_P4_1T	E253	YMR194W	RPL36A	full-met-cleaved	Ox; Ox; Ammonia loss	-17.0048877396057	48.4874177056043	67379869.76	50872593.0049352	75398210.08	False
P05747_2full59_1G_P1_1T	E7	YFR032C-A	RPL29	full-met-cleaved		0.00451355536097253	30.9933350752068	11694195084.18	6077771976.91	8642108025.55	False
P05747_2full59_1G_P1_1T	E686	YFR032C-A	RPL29	full-met-cleaved		-0.00268088046505	25.5550321051423	96455770.42	6851586.9589154	9582271.58580877	False
P05747_2full59_1G_P1_1T	E68	YFR032C-A	RPL29	full-met-cleaved		-0.00338673993701377	43.2732207067158	2305069281.72001	1359298200.35	1701443387.12	False
P05747_2full59_1G_P1_1T	E1609	YFR032C-A	RPL29	full-met-cleaved		-0.00465705474016431	51.4072602579986	2778751.03	0	0	False
P05747_2full59_1G_P1_1T	E2190	YFR032C-A	RPL29	full-met-cleaved		-0.0103745978312872	37.130943101826	226356.82	0	0	False
P05747_2full59_1G_P1_1T	E810	YFR032C-A	RPL29	full-met-cleaved	Acetone Artifact	98.0684084661843	32.3978037800495	91237372.47	10140097.98	15422730.88	False
P05747_2full59_1G_P1_1T	E255	YFR032C-A	RPL29	full-met-cleaved	Ammonia loss	-17.0223092051128	31.5571334971742	494680120.81	226969609.23	328085060.61	False
P05747_2full59_1G_P1_1T	E447	YFR032C-A	RPL29	full-met-cleaved	Acetone Artifact	98.0703945690329	43.1191451889389	139498469.38	24951302.4115917	16932898.79	False
P05747_2full59_1G_P1_1T	E1323	YFR032C-A	RPL29	full-met-cleaved	Sulfate Adduct	97.957186185763	43.4283612272059	19188761.52	49968545.41	69021616.89	False
P05747_2full59_1G_P1_1T	E864	YFR032C-A	RPL29	full-met-cleaved	Sulfate Adduct	97.9537587677441	31.3247736512371	7749365.98	397072593.57	596037369.46	False
P05747_2full59_1G_P1_1T	E1317	YFR032C-A	RPL29	full-met-cleaved	Ox	15.9907190859985	43.0494463858087	9450482.51	0	0	False
P05747_2full59_1G_P1_1T	E783	YFR032C-A	RPL29	full-met-cleaved	Ammonia loss	-17.0273065539786	43.2677040164606	77604840.1999999	88238864.5	129072153.55	False
P05747_2full59_1G_P1_1T	E2036	YFR032C-A	RPL29	full-met-cleaved	Ammonia loss	-17.0259313363158	25.8187663753095	1017640	0	0	False
P05747_2full59_1G_P1_1T	E358	YFR032C-A	RPL29	full-met-cleaved	Ox; Ox	31.9902759507422	30.7618462917356	274319106.84	0	0	False
P05747_2full59_1G_P1_1T	E1990	YFR032C-A	RPL29	full-met-cleaved	Acetone Artifact; Ox	114.066388755845	32.8308541666667	153446.54	0	0	False
P05747_2full59_1G_P1_1T	E1733	YFR032C-A	RPL29	full-met-cleaved	Ammonia loss; Ammonia loss	-17.0237999554156	32.5715508333333	472659.81	0	0	False
P05747_2full59_1G_P1_1T	E1758	YFR032C-A	RPL29	full-met-cleaved	Acetyl; Acetyl; Water loss	-18.0150232425303	31.5260541666667	428898.56	0	0	False
P05747_2full59_1G_P1_1T	E601	YFR032C-A	RPL29	full-met-cleaved	Ox; Ox; Water Adduct	18.0123639131634	30.5061193729969	26963918.94	0	0	False
P05747_2full59_1G_P1_1T	E1393	YFR032C-A	RPL29	full-met-cleaved	Ammonia loss; Acetyl; Ox	58.0332196620275	32.5286649417458	5902637.29	0	0	False
P05747_2full59_1G_P1_1T	E1699	YFR032C-A	RPL29	full-met-cleaved	Ox; Deamidation; Ox	16.9944712805918	42.6781	519025.19	0	0	False
P05747_2full59_1G_P1_1T	E1479	YFR032C-A	RPL29	full-met-cleaved	Ammonia loss; Acetyl; Ox	58.0378897854835	43.015553881347	2078433.16	0	0	False
P05749_2full121_1G_P1_1T	E25	YLR061W	RPL22A	full-met-cleaved		-0.000938202247198205	60.6903785442109	7570087598.2	3903887753.87	5589649494.16	False
P05749_2full121_1G_P1_1T	E199	YLR061W	RPL22A	full-met-cleaved		-0.00520898427748762	66.2053530384868	855650604.86	0	0	False
P05749_2full121_1G_P1_1T	E390	YLR061W	RPL22A	full-met-cleaved	Acetyl; Acetyl	84.0529840031813	60.1377344332213	66865320.5	0	0	False
P05749_2full121_1G_P4_1T	E1525	YLR061W	RPL22A	full-met-cleaved	Ammonia loss	-0.0151925259378913	66.7091030405737	1821393.18	0	0	False
P05749_2full121_1G_P4_1T	E556	YLR061W	RPL22A	full-met-cleaved	Ammonia loss	-0.01229213006809	59.9299377186176	40630532.87	71411216.01	128615350.5	False
P05749_2full121_1G_P6_1T	E1482	YLR061W	RPL22A	full-met-cleaved	Methyl; Deamidation	0.00496709629805991	61.2425223279742	2154387.53	0	0	False
P05755_2full195_1G_P2_1T	E105	YBR189W	RPS9B	full-met-cleaved	Ox; Ammonia loss	-17.0042597051834	54.9939587381027	756523278.1	2189667387.42	3058461417.1	False
P05756_2full151_1G_P1_1T	E136	YDR064W	RPS13	full-met-cleaved		-0.0150492702668998	59.4228462793687	290498170.02	156525611.67	353606215.82	False
P05756_2full151_1G_P2_1T	E167	YDR064W	RPS13	full-met-cleaved	Ox	0.00547380463467562	59.0866742023226	182829085.15	314087481.86	624668973.25	False
P05756_2full151_1G_P8_1T	E259	YDR064W	RPS13	full-met-cleaved	Ox; Ox	0.00743791487184353	58.8107047474542	180126968.47	250382141.022634	184595331.38	False
P05759_77frag152_1G_P7_1T	E1152	YLR167W	RPS31	chain	Acetyl; Acetyl	42.043498407289	45.6717662068706	8178741.12	0	0	False
P06367_2full137_1G_P1_1T	E129	YCR031C	RPS14A	full-met-cleaved		-0.0198383155438933	52.2491012175447	854876752.29	0	0	False
P06367_2full137_1G_P1_1T	E11	YCR031C	RPS14A	full-met-cleaved	Acetone Artifact; Missing Leucine (L)	-14.9929412734818	52.527023997923	6840856730.84	0	0	False
P06367_2full137_1G_P11_1T	E191	YCR031C	RPS14A	full-met-cleaved	Ammonia loss; Deamidation; Acetone Artifact	98.0636893117353	52.7748549243602	505199260.23	0	0	False
P06367_2full137_1G_P4_1T	E93	YCR031C	RPS14A	full-met-cleaved	Acetyl	-0.00567983636938152	52.0866699537836	1131562652.03	622845387.61	1070875622.76	False
P06367_2full137_1G_P5_1T	E388	YCR031C	RPS14A	full-met-cleaved	Ammonia loss; Phospho	79.9973918037595	54.6903310844054	76767124.29	89815561.6776088	193546363.9	False
P06367_2full137_1G_P6_1T	E1254	YCR031C	RPS14A	full-met-cleaved	Ox; Ox; Ox	15.9829393432919	53.1127085642547	3659196.11	0	0	False
P06367_2full137_1G_P8_1T	E308	YCR031C	RPS14A	full-met-cleaved	Acetyl; Ox	0.00925852765067248	53.5443891450253	241361864.21	192041132.56	261819516.19	False
P06787_2full147_1G_P1_1T	E188	YBR109C	CMD1	full-met-cleaved	Acetyl	41.9972140460068	69.9198908779716	262870953.69	265515972.68	370693112.33	False
P07255_2full59_1G_P1_1T	E2114	YDL067C	COX9	full-met-cleaved		0.000249227109634376	66.5280111563728	127036.18	0	0	False
P07280_2full144_1G_P5_1T	E172	YOL121C	RPS19A	full-met-cleaved	Deamidation; Ox; Methyl	14.0078937552298	55.1882520616674	451592435.87	263828365.42	450403243.47	False
P07280_2full144_1G_P5_1T	E360	YOL121C	RPS19A	full-met-cleaved	Deamidation; Ox; Phospho	80.0014152097974	53.874472834376	100930567.66	0	0	False
P07281_2full144_1G_P4_1T	E35	YNL302C	RPS19B	full-met-cleaved	Ammonia loss; Acetyl	42.0363984582382	53.381135328649	4050340845.96	1242099626.91	2005273576.27	False
P07281_2full144_1G_P4_1T	E258	YNL302C	RPS19B	full-met-cleaved	Ammonia loss; Acetyl	42.0348578582107	62.358706783581	716061248.32	0	0	False
P07281_2full144_1G_P6_1T	E120	YNL302C	RPS19B	full-met-cleaved	Deamidation; Ox; Methyl	14.0100089205316	55.1667264474866	648068732.72	1004147107.57	753051874.75	False
P07281_2full144_1G_P8_1T	E27	YNL302C	RPS19B	full-met-cleaved	Ammonia loss; Ox	0.0241683875010494	53.4231444429148	5066660560.2	1674211517.37	2360778292.54	False
P07281_2full144_1G_P8_1T	E252	YNL302C	RPS19B	full-met-cleaved	Ammonia loss; Ox	0.0232900203482131	62.2250468756396	850699684.5	0	0	False
P07281_2full144_1G_P8_1T	E43	YNL302C	RPS19B	full-met-cleaved	Ammonia loss; Ox; Ox	16.0245564376492	54.6998768622018	2644043753.24	1857219385.7	2611817249.52	False
P07281_2full144_1G_P8_1T	E67	YNL302C	RPS19B	full-met-cleaved	Ammonia loss; Ox; Acetyl	42.0373482873474	54.8631708237511	1890854159.46	1181396728.07	1804516731.19	False
P07281_2full144_1G_P8_1T	E418	YNL302C	RPS19B	full-met-cleaved	Ammonia loss; Ox; Ammonia loss	-17.0094202099062	52.3120720836828	55808660.22	45313461.05	123459279.314253	False
P0C0T4_2full108_1G_P1_1T	E752	YLR333C	RPS25B	full-met-cleaved	Deamidation	0.971418424629519	50.2153448809936	8465979.5	0	0	False
P0C0T4_2full108_1G_P3_1T	E51	YLR333C	RPS25B	full-met-cleaved	Methyl, Methyl	-0.000238200209423667	50.37809356043	2580115090.11	1195177804.19	1707319051.16	False
P0C0T4_2full108_1G_P3_1T	E346	YLR333C	RPS25B	full-met-cleaved	Methyl, Methyl; Sulfate Adduct	98.005533985428	51.5070629171714	120613284.9	0	0	False
P0C0T4_2full108_1G_P3_1T	E738	YLR333C	RPS25B	full-met-cleaved	Methyl, Methyl; Sulfate Adduct; Phospho	177.925517207006	51.3601268412286	10424706.17	0	0	False
P0C0T4_2full108_1G_P4_1T	E567	YLR333C	RPS25B	full-met-cleaved	Methyl, Methyl; Ox; Acetone Artifact	98.0608134905324	50.6151395449026	36742263.19	0	0	False
P0C0W9_2full174_1G_P7_1T	E778	YPR102C	RPL11A	full-met-cleaved	Ox; Ox; Ox; Acetyl	41.9945226207747	52.8728274501946	11310869.18	0	0	False
P0C2H6_2full136_1G_P1_1T	E58	YHR010W	RPL27A	full-met-cleaved		-0.0107444771383598	48.4079477102994	2453811152.04	1639991352.21	4336613715.96	False
P0C2H6_2full136_1G_P1_1T	E1688	YHR010W	RPL27A	full-met-cleaved		0.00612602532964956	53.8254951205249	907664.78	0	0	False
P0C2H6_2full136_1G_P1_1T	E766	YHR010W	RPL27A	full-met-cleaved	Acetone Artifact	98.0638183757419	46.4973591666667	5892628.41	150241754.25	201289331.08	False
P0C2H8_2full113_1G_P1_1T	E21	YDL075W	RPL31A	full-met-cleaved		-0.00535978275547677	50.1548412326885	2403849034.95	787364418.37	1392901571.28	False
P0C2H8_2full113_1G_P1_1T	E463	YDL075W	RPL31A	full-met-cleaved		-0.000771771441577584	69.7543341047115	58119768.9	0	0	False
P0C2H8_2full113_1G_P1_1T	E976	YDL075W	RPL31A	full-met-cleaved		-0.0166423507871514	57.8608731465242	7476345.62	0	0	False
P0C2H8_2full113_1G_P1_1T	E251	YDL075W	RPL31A	full-met-cleaved	Acetone Artifact	98.0642060749196	50.7523936203486	165434415.04	0	0	False
P0C2H8_2full113_1G_P1_1T	E850	YDL075W	RPL31A	full-met-cleaved	Acetyl; Acetyl	84.0487188059942	50.9613786575843	9591289.22	0	0	False
P0C2H8_2full113_1G_P1_1T	E1468	YDL075W	RPL31A	full-met-cleaved	Deamidation; Methyl	15.0309765246275	69.3942841666667	1144508.84	0	0	False
P0C2H8_2full113_1G_P2_1T	E1174	YDL075W	RPL31A	full-met-cleaved	Ox	0.0089199060730607	56.056035567474	4406187.69	0	0	False
P0C2H9_2full113_1G_P1_1T	E118	YLR406C	RPL31B	full-met-cleaved		-0.0165382385894191	50.9646146141476	566678969.26	481188991.85	990457180.94	False
P0C2H9_2full113_1G_P2_1T	E878	YLR406C	RPL31B	full-met-cleaved	Ox	-0.00865655517554842	50.8177686668455	7110980.45	19439373.7310852	72435485.0513197	False
P0CH09_1frag76_8G_P1_1T	E345	YKR094C	RPL40B	chain		-0.00335924402133969	53.1114486591837	150899746.67	0	0	False
P0CH09_1frag76_8G_P2_1T	E890	YKR094C	RPL40B	chain	Ox	-0.000964058122917777	52.2573108672697	18490699.43	0	0	False
P0CH09_77frag128_2G_P1_1T	E19	YKR094C	RPL40B	chain		0.00352553164611891	44.4941894371298	7708107379.84	1056438510.46	1641825910.71	False
P0CH09_77frag128_2G_P1_1T	E910	YKR094C	RPL40B	chain		-0.000866731996211456	51.5346090697225	76882866.64	0	0	False
P0CH09_77frag128_2G_P1_1T	E1807	YKR094C	RPL40B	chain		0.00242916866227461	61.3072901850332	856331.19	0	0	False
P0CH09_77frag128_2G_P1_1T	E355	YKR094C	RPL40B	chain	Acetone Artifact	98.070113435685	45.029401020356	124755905.7	0	0	False
P0CH09_77frag128_2G_P1_1T	E428	YKR094C	RPL40B	chain	Missing Isoleucine (I)	-113.079089443352	44.5525945023128	171487347.95	78470956.93	88122214.21	False
P0CH09_77frag128_2G_P1_1T	E436	YKR094C	RPL40B	chain	Sulfate Adduct	97.959459398603	44.6360436081865	101470882.47	0	0	False
P0CH09_77frag128_2G_P1_1T	E1995	YKR094C	RPL40B	chain	Missing Isoleucine (I)	-113.083492098576	52.446372402993	582261.15	0	0	False
P0CH09_77frag128_2G_P1_1T	E1826	YKR094C	RPL40B	chain	Acetone Artifact	98.0688122922902	52.2304293769087	1714648.53	0	0	False
P0CH09_77frag128_2G_P1_1T	E1941	YKR094C	RPL40B	chain	Ox	15.9904235452996	52.1179992193978	1922589.15	0	0	False
P0CH09_77frag128_2G_P1_1T	E243	YKR094C	RPL40B	chain	Missed Monoisotopic (-1); Ox	14.9856490426855	44.4005895071143	514415954.23	130908474.2	226209584.77	False
P0CH09_77frag128_2G_P1_1T	E459	YKR094C	RPL40B	chain	Missed Monoisotopic (-1); Ox; Ox	15.9920565437005	44.3241209577493	67482738.17	3916660.29702865	5593219.15078999	False
P0CH09_77frag128_2G_P1_1T	E502	YKR094C	RPL40B	chain	Missing Isoleucine (I); Missing Glutamic Acid (E); Ox	-113.08939334681	44.5487543518176	65740347.08	0	0	False
P0CH09_77frag128_2G_P1_1T	E2065	YKR094C	RPL40B	chain	Missing Isoleucine (I); Missing Glutamic Acid (E); Ox	-113.093106917424	52.342533940051	287590.16	0	0	False
P0CH09_77frag128_2G_P1_1T	E2133	YKR094C	RPL40B	chain	Acetone Artifact; Acetone Artifact; Missing Isoleucine (I)	-15.017702324044	53.3723032789894	160754.72	0	0	False
P0CH09_77frag128_2G_P1_1T	E1961	YKR094C	RPL40B	chain	Missed Monoisotopic (-1); Ox; Ox; Ox	31.9895462640461	44.6049631956666	508164.62	0	0	False
P0CH09_77frag128_2G_P1_1T	E610	YKR094C	RPL40B	chain	Missing Isoleucine (I); Missing Glutamic Acid (E); Ox; Water loss	-18.0080161979213	44.5024666493828	54080225.68	0	0	False
P0CT04_2full75_1G_P1_1T	E485	YNL015W	PBI2	full-met-cleaved	Missed Monoisotopic (-1)	-1.00821520903992	51.8219679431403	59460202.44	0	0	False
P0CX23_2full172_2G_P1_1T	E214	YMR242C	RPL20A	full-met-cleaved		-0.00266269101848593	51.6308433049315	229958720.66	172577553.24	315447907.36	False
P0CX23_2full172_2G_P2_1T	E382	YMR242C	RPL20A	full-met-cleaved	Ox	-0.00970712611888302	51.1371030942049	42709940.98	346122672.59	502844095.85	False
P0CX23_2full172_2G_P6_1T	E483	YMR242C	RPL20A	full-met-cleaved	Ox; Ox; Ox	-0.00615106665645726	50.8319029807281	20833998.4	0	0	False
P0CX25_2full92_2G_P1_1T	E9	YPR043W	RPL43A	full-met-cleaved		-0.00458700739363849	48.2355990337635	11656626987.52	1113779995.74	1619885417.24	False
P0CX25_2full92_2G_P1_1T	E526	YPR043W	RPL43A	full-met-cleaved	Ammonia loss	-17.0308571619953	47.1387094047444	50937819.3	0	0	False
P0CX25_2full92_2G_P2_1T	E84	YPR043W	RPL43A	full-met-cleaved	Ox	-0.00792350887059001	47.4117214480474	1218385751.11	74937459.0171542	159010976.44	False
P0CX25_2full92_2G_P2_1T	E1035	YPR043W	RPL43A	full-met-cleaved	Ox; Acetone Artifact	98.0645913453154	47.3810724517806	8088544.98	0	0	False
P0CX25_2full92_2G_P2_1T	E798	YPR043W	RPL43A	full-met-cleaved	Ox; Ammonia loss	-16.9968603052712	56.6393881154936	36877465.59	0	0	False
P0CX25_2full92_2G_P2_1T	E1231	YPR043W	RPL43A	full-met-cleaved	Ox; Missed Monoisotopic (-1); Ox	14.9919737604669	47.4923730641085	2209417.66	0	0	False
P0CX25_2full92_2G_P3_1T	E145	YPR043W	RPL43A	full-met-cleaved	Phospho; Water Adduct	18.0205459869067	48.8605424555622	677637612.88	0	0	False
P0CX27_2full106_2G_P2_1T	E233	YNL162W	RPL42A	full-met-cleaved	Methyl; Acetone Artifact	98.07015794984	44.541530632252	316288395.61	17901162.169873	63956538.36	False
P0CX27_2full106_2G_P3_1T	E18	YNL162W	RPL42A	full-met-cleaved	Methyl; Methyl	-0.00194182580889901	44.5180431621455	6158236103.25	3394395014.69	5570443057.89	False
P0CX27_2full106_2G_P3_1T	E100	YNL162W	RPL42A	full-met-cleaved	Methyl; Methyl; Acetone Artifact	98.0626537490516	44.6759175931936	1198771981.33	270870182.46	410929103.46	False
P0CX27_2full106_2G_P3_1T	E302	YNL162W	RPL42A	full-met-cleaved	Methyl; Methyl; Ox	16.0260428980819	44.2517656792703	99778112.96	199852864.65	427151843.36	False
P0CX27_2full106_2G_P3_1T	E1203	YNL162W	RPL42A	full-met-cleaved	Methyl; Methyl; Acetone Artifact; Pyrrolidinone	-30.0246122929348	44.3811866666667	2225008.14	9529924.19506113	7863654.81159555	False
P0CX32_2full135_2G_P3_1T	E2	YIL069C	RPS24B	full-met-cleaved	Acetyl	-0.0021812187787873	52.6044143365327	14615511783.43	13099866791.99	17059450357.02	False
P0CX32_2full135_2G_P3_1T	E16	YIL069C	RPS24B	full-met-cleaved	Acetyl	-0.0078014729442657	47.9907969674446	1974258307.58	0	0	False
P0CX32_2full135_2G_P5_1T	E103	YIL069C	RPS24B	full-met-cleaved	Acetyl; Phospho; Sulfate Adduct	97.9654303278967	52.0976797710152	637888846.35	0	0	False
P0CX32_2full135_2G_P5_1T	E916	YIL069C	RPS24B	full-met-cleaved	Acetyl; Phospho; Sulfate Adduct; Acetone Artifact	98.0646021861903	52.7974241666667	4147633.2	0	0	False
P0CX34_2full63_2G_P1_1T	E4	YOR182C	RPS30B	full-met-cleaved		-0.00169663442648016	44.4336851906871	8959630668.25	2014739593.26	3324858686.81	False
P0CX34_2full63_2G_P1_1T	E1383	YOR182C	RPS30B	full-met-cleaved	Carbamidomethyl	57.0226087464316	44.1157229512327	1592013	1389717.3345273	3758469.52527506	False
P0CX34_2full63_2G_P1_1T	E404	YOR182C	RPS30B	full-met-cleaved	Ammonia loss	-17.02577204716	44.5125878987243	86511567.13	10603209.9107124	38760257.8428263	False
P0CX34_2full63_2G_P1_1T	E2068	YOR182C	RPS30B	full-met-cleaved	Hydrogen Dodecyl Sulfate	266.15454433793	51.704745	92400.02	0	0	False
P0CX34_2full63_2G_P1_1T	E2026	YOR182C	RPS30B	full-met-cleaved	Acetone Artifact	98.0710598561336	52.3151968250299	210362.58	0	0	False
P0CX34_2full63_2G_P1_1T	E1781	YOR182C	RPS30B	full-met-cleaved	Hydrogen Dodecyl Sulfate; Missed Monoisotopic (-1); Ox	14.9897370378194	51.9177116439593	1317217.54	0	0	False
P0CX34_2full63_2G_P1_1T	E348	YOR182C	RPS30B	full-met-cleaved	Ammonia loss; Ox; Ox; Ox	47.9991983266727	44.0134780535887	239552520.19	0	0	False
P0CX34_2full63_2G_P1_1T	E455	YOR182C	RPS30B	full-met-cleaved	Ammonia loss; Ox; Ox; Ox; Ox	15.9958493622025	43.9206318286875	77889866.8	0	0	False
P0CX34_2full63_2G_P2_1T	E23	YOR182C	RPS30B	full-met-cleaved	Ox	-0.0022758390805393	44.1154100537563	6348130645.89	3159372403.13	4724111754.21	False
P0CX34_2full63_2G_P2_1T	E544	YOR182C	RPS30B	full-met-cleaved	Ox; Acetone Artifact	98.0623573419298	44.0197959789205	111737161.82	0	0	False
P0CX34_2full63_2G_P2_1T	E298	YOR182C	RPS30B	full-met-cleaved	Ox; Sulfate Adduct	97.9676339710049	44.3337332632787	176790684.06	179084019.87	270463504.91	False
P0CX34_2full63_2G_P2_1T	E725	YOR182C	RPS30B	full-met-cleaved	Ox; Ammonia loss	-16.9999119129534	52.3314340354517	40611163.5	0	0	False
P0CX34_2full63_2G_P2_1T	E1800	YOR182C	RPS30B	full-met-cleaved	Ox; Ammonia loss	-16.9986972710467	62.5867994821909	727433.07	0	0	False
P0CX34_2full63_2G_P2_1T	E1519	YOR182C	RPS30B	full-met-cleaved	Ox; Missed Monoisotopic (-1)	-1.00643747389404	51.5352019350809	3820154.18	0	0	False
P0CX34_2full63_2G_P2_1T	E340	YOR182C	RPS30B	full-met-cleaved	Ox; Acetone Artifact; Ammonia loss	-16.993803030894	44.5974320818463	205756467.91	0	0	False
P0CX34_2full63_2G_P2_1T	E1102	YOR182C	RPS30B	full-met-cleaved	Ox; Sulfate Adduct; Ox	113.990077678	44.3251057456473	6992637.47	24631270.14	46875070.37	False
P0CX34_2full63_2G_P2_1T	E673	YOR182C	RPS30B	full-met-cleaved	Ox; Acetone Artifact; Ammonia loss; Carbamidomethyl; Missing Alanine (A)	-14.017005744292	44.6451568294548	8626072.08	0	0	False
P0CX34_2full63_2G_P4_1T	E185	YOR182C	RPS30B	full-met-cleaved	Phospho; Ox; Deamidation	0.99070497518278	44.5349963653384	411907667.05	160733310.81	280228913.17	False
P0CX34_2full63_2G_P4_1T	E1950	YOR182C	RPS30B	full-met-cleaved	Phospho; Ox; Water Adduct	18.0293174580584	51.9047951466555	384774.92	0	0	False
P0CX42_2full137_2G_P11_1T	E41	YER117W	RPL23B	full-met-cleaved	Methyl, Methyl; Methyl, Methyl; Acetyl	41.9978333093786	52.5484947058696	1239424598.16	0	0	False
P0CX42_2full137_2G_P2_1T	E36	YER117W	RPL23B	full-met-cleaved	Ox; Ammonia loss	-16.99824612458	53.4481014379509	3017678679.02	315853614.620371	560563623.296864	False
P0CX42_2full137_2G_P2_1T	E244	YER117W	RPL23B	full-met-cleaved	Ox; Ammonia loss	-16.9928266618645	60.5872683539561	438578223.75	0	0	False
P0CX42_2full137_2G_P2_1T	E291	YER117W	RPL23B	full-met-cleaved	Ox; Ammonia loss; Acetone Artifact; Ox	114.057142330536	52.5609831085922	283450190.87	0	0	False
P0CX42_2full137_2G_P2_1T	E212	YER117W	RPL23B	full-met-cleaved	Ox; Ammonia loss; Acetyl; Acetyl	84.039499446706	53.082969302502	271309495.81	0	0	False
P0CX42_2full137_2G_P4_1T	E163	YER117W	RPL23B	full-met-cleaved	Ox; Ox; Ammonia loss	-17.0026520792726	53.5995359204176	964718888.45	205623769.07	475219476.79	False
P0CX47_2full156_2G_P3_1T	E54	YDR025W	RPS11A	full-met-cleaved	Acetyl	-0.0133570682010031	48.4131675843514	1494629160.21	445518810.17	584032946.51	False
P0CX50_2full186_2G_P2_1T	E557	YNL301C	RPL18B	full-met-cleaved	Ox	0.00144736924630706	57.0740329887845	60667104.09	343010017.37	588552503.9	False
P0CX52_2full143_2G_P3_1T	E8	YDL083C	RPS16B	full-met-cleaved	Acetyl	-0.00252431828812405	54.3044136442035	20343412754.99	10726292186.94	14437933032.66	False
P0CX52_2full143_2G_P3_1T	E609	YDL083C	RPS16B	full-met-cleaved	Acetyl; Missing Arginine (R)	-156.103103330461	56.1715039801621	19688083.42	0	0	False
P0CX52_2full143_2G_P3_1T	E86	YDL083C	RPS16B	full-met-cleaved	Acetyl; Missed Monoisotopic (-1)	-1.00265787875287	57.5574714725012	647924705.23	0	0	False
P0CX54_2full165_2G_P12_1T	E28	YDR418W	RPL12B	full-met-cleaved	Methyl, Methyl, Methyl; Methyl, Methyl, Methyl	-0.0068822193716187	58.7002534780417	4471548618.6	1172680405.23	1455944694.65	False
P0CX54_2full165_2G_P12_1T	E311	YDR418W	RPL12B	full-met-cleaved	Methyl, Methyl, Methyl; Methyl, Methyl, Methyl	-32.0330463392711	58.6600702123805	72342565.57	49026376.9264661	28223842.493488	False
P0CX54_2full165_2G_P12_1T	E205	YDR418W	RPL12B	full-met-cleaved	Methyl, Methyl, Methyl; Methyl, Methyl, Methyl; Acetone Artifact	98.0617921453813	58.8112243774054	289986495.52	0	0	False
P0CX54_2full165_2G_P12_1T	E201	YDR418W	RPL12B	full-met-cleaved	Methyl, Methyl, Methyl; Methyl, Methyl, Methyl; Ox	15.9886930577741	57.7056832019173	377088639.07	143083077.43	178062478.85	False
P0CX56_2full146_2G_P7_1T	E261	YML026C	RPS18B	full-met-cleaved	Acetyl; Methyl; Deamidation	0.980836043847376	56.5116370901163	419120698.66	634017270.53	885065358.58	False
P0CX85_2full120_2G_P1_1T	E20	YDL136W	RPL35B	full-met-cleaved		-0.00376678729298874	48.7166892237918	9517469695.16	4809819736.6	7713418426.36	False
P0CX85_2full120_2G_P1_1T	E1698	YDL136W	RPL35B	full-met-cleaved		-0.0109567290292034	54.6536408924541	1123145.12	0	0	False
P0CX85_2full120_2G_P2_1T	E69	YDL136W	RPL35B	full-met-cleaved	Phospho; Water Adduct	18.0131044114169	49.5938090543175	1034915814.82	223581755.49	303343870.98	False
P0CX87_2full25_2G_P1_1T	E2033	YDL133C-A	RPL41B	full-met-cleaved	Retained Met	131.042738409112	42.1144533879669	768545.43	0	0	False
P0CX87_2full25_2G_P1_1T	E2137	YDL133C-A	RPL41B	full-met-cleaved	Retained Met; Ox	147.034192650348	29.1550087815441	351468.72	0	0	False
P10622_2full106_1G_P22_1T	E342	YDL130W	RPP1B	full-met-cleaved	Acetyl; Phospho; Missed Monoisotopic (-1)	-1.00265829023192	75.2406051211708	202090302.73	0	0	False
P11076_2full181_1G_P18_1T	E1030	YDL192W	ARF1	full-met-cleaved	Myristoylation; Ox, Ox; Ox; Ox	31.9831205956289	68.3282042011412	5484792.28	0	0	False
P11632_2full93_1G_P1_1T	E370	YPR052C	NHP6A	full-met-cleaved		-0.00445733053857111	48.7963527214722	174056980.34	105410013.92	131951675.76	False
P11632_2full93_1G_P1_1T	E505	YPR052C	NHP6A	full-met-cleaved	Missing Alanine (A)	-71.0453809163573	48.8423570932807	68689078.12	61820222.48	132452550.05	False
P11632_2full93_1G_P3_1T	E611	YPR052C	NHP6A	full-met-cleaved	Ox	-0.0048241308741126	48.501328631929	24954534.11	0	0	False
P11632_2full93_1G_P3_1T	E710	YPR052C	NHP6A	full-met-cleaved	Ox; Missing Alanine (A)	-71.0428559727461	48.574242365656	25011267.51	0	0	False
P14120_2full105_1G_P1_1T	E33	YGL030W	RPL30	full-met-cleaved		-0.00497183994229999	60.5727067856271	4611437297.55	451769100.02	597769598.29	False
P14120_2full105_1G_P1_1T	E292	YGL030W	RPL30	full-met-cleaved	Acetone Artifact	98.0623145096069	60.2347770460064	356736741.35	0	0	False
P14120_2full105_1G_P1_1T	E92	YGL030W	RPL30	full-met-cleaved	Missing Alanine (A)	-71.0395354129632	60.3450028803809	1288253216.66	87208805.42	178963349.702472	False
P14120_2full105_1G_P1_1T	E1382	YGL030W	RPL30	full-met-cleaved	Acetone Artifact	98.0691887442463	67.4327888066851	2982171.44	0	0	False
P14120_2full105_1G_P1_1T	E862	YGL030W	RPL30	full-met-cleaved	Sulfate Adduct	97.9461187449342	58.3582308333333	4786805.89	0	0	False
P14120_2full105_1G_P1_1T	E130	YGL030W	RPL30	full-met-cleaved	Missing Alanine (A); Missing Leucine (L)	-113.086204649086	59.3133039976334	604072123.58	0	0	False
P14120_2full105_1G_P1_1T	E1149	YGL030W	RPL30	full-met-cleaved	Missing Alanine (A); Acetone Artifact	98.0686675286979	60.3901933333333	2499947.83	0	0	False
P14120_2full105_1G_P1_1T	E530	YGL030W	RPL30	full-met-cleaved	Missing Alanine (A); Acetone Artifact; Carbamidomethyl	155.085714532857	60.404539963963	39220464.58	0	0	False
P14120_2full105_1G_P1_1T	E1457	YGL030W	RPL30	full-met-cleaved	Missing Alanine (A); Acetone Artifact; Missing Leucine (L)	-15.0045458848908	58.9249741666667	1183303.24	0	0	False
P14120_2full105_1G_P1_1T	E1444	YGL030W	RPL30	full-met-cleaved	Acetone Artifact; Carbamidomethyl; Missing Alanine (A)	-14.0147249606325	67.2645065528382	3863247.27	0	0	False
P14120_2full105_1G_P2_1T	E334	YGL030W	RPL30	full-met-cleaved	Ox; Missing Alanine (A)	-71.0339056781049	59.6446772529923	167205641.95	0	0	False
P14120_2full105_1G_P2_1T	E486	YGL030W	RPL30	full-met-cleaved	Ox; Missing Alanine (A); Missing Leucine (L)	-113.087377292029	58.3105999154611	101937850.17	0	0	False
P14120_2full105_1G_P4_1T	E150	YGL030W	RPL30	full-met-cleaved	Ox	-0.00144906679634005	59.5889971313243	702227529.62	177107230.633034	224992485.52	False
P14120_2full105_1G_P8_1T	E1249	YGL030W	RPL30	full-met-cleaved	Ox; Ox; Hydrogen Dodecyl Sulfate	266.158025062336	59.7131746221331	2295586.93	0	0	False
P14832_2full162_1G_P13_1T	E80	YDR155C	CPR1	full-met-cleaved	Acetyl; Ox	0.00760122525389306	59.8453687636332	413478291.78	478675942.81	404110593.89	False
P15731_2full148_1G_P5_1T	E1596	YBR082C	UBC4	full-met-cleaved	Ox; Acetyl	41.9911334961434	66.9334799382391	2530325.17	0	0	False
P16965_2full84_1G_P1_1T	E1702	YGR008C	STF2	full-met-cleaved		0.00487302839792392	46.5034731556826	1367847.22	10589496.78	9893273.1272743	False
P18852_2full110_1G_P2_1T	E731	YJR086W	STE18	full-met-cleaved	Ox; Acetyl	42.0130551334096	62.2274950100401	22729343.12	0	0	False
P18852_2full110_1G_P2_1T	E545	YJR086W	STE18	full-met-cleaved	Ox; Acetyl; Acetone Artifact; Deamidation	99.0827854702475	62.0765858832587	81925744.64	0	0	False
P20081_2full114_1G_P5_1T	E372	YNL135C	FPR1	full-met-cleaved	Acetyl	-0.00681223620085802	60.8454923809271	136848307.11	0	0	False
P21306_2full62_1G_P1_1T	E2139	YPL271W	ATP15	full-met-cleaved	Missed Monoisotopic (-1)	-1.01088927746787	60.413720515905	195281.66	0	0	False
P21306_2full62_1G_P4_1T	E250	YPL271W	ATP15	full-met-cleaved	Deamidation; Phospho; Phospho	79.9778294312709	45.7246615950777	301259560.73	27665199.27	46824577.2	False
P21306_2full62_1G_P4_1T	E1603	YPL271W	ATP15	full-met-cleaved	Deamidation; Phospho; Phospho	79.9777473205168	52.9727105256163	2383730.76	0	0	False
P21306_2full62_1G_P4_1T	E1336	YPL271W	ATP15	full-met-cleaved	Deamidation; Phospho; Phospho; Ox	15.992157045036	45.7620075	1587172.91	0	0	False
P22217_2full103_1G_P1_1T	E465	YLR043C	TRX1	full-met-cleaved		-0.00958257575439347	62.8409765540972	37915065.47	0	0	False
P22803_2full104_1G_P1_1T	E422	YGR209C	TRX2	full-met-cleaved		-0.00695976990937197	65.1220755122235	61578394.95	0	0	False
P22804_2full142_1G_P1_1T	E1311	YIL004C	BET1	full-met-cleaved	Acetyl	41.9969435740222	81.2410971592604	7296992.75	0	0	False
P22943_2full109_1G_P1_1T	E2202	YFL014W	HSP12	full-met-cleaved	Carbamidomethyl	57.0065605475374	47.0371841666667	21253.39	0	0	False
P22943_2full109_1G_P1_1T	E357	YFL014W	HSP12	full-met-cleaved	Acetyl	42.0124056550303	47.126571388604	105336949.47	77963353.0694135	23655072.0803672	False
P23301_2full157_1G_P24_1T	E492	YEL034W	HYP2	full-met-cleaved	Phospho; Methyl; Retained Met	131.042230821393	66.6697432211944	130888619.17	0	0	False
P23301_2full157_1G_P74_1T	E254	YEL034W	HYP2	full-met-cleaved	Acetyl; Hypusine	-0.0113054098292196	66.3544006109846	270047027.62	7926360.86127921	8324278.76231851	False
P25373_2full110_1G_P7_1T	E874	YCL035C	GRX1	full-met-cleaved	S-glutathionyl cysteine; Ox; Water Adduct	18.0143723151996	62.4576626450799	16161530.9	0	0	False
P26786_2full190_1G_P4_1T	E59	YOR096W	RPS7A	full-met-cleaved	Acetyl	-0.0112936768382497	59.8954907558907	1408311398.85	2618316078.02	4120941542.75	False
P28000_2full142_1G_P2_1T	E1193	YNL113W	RPC19	full-met-cleaved	Ox; Hydrogen Dodecyl Sulfate	266.16005564107	71.1384748583713	7593460.96	0	0	False
P32445_18frag135_1G_P1_1T	E117	YCR028C-A	RIM1	chain		-0.00886693032407493	57.6285306412575	877158392.91	52288935.54	99224437.6	False
P32445_18frag135_1G_P4_1T	E841	YCR028C-A	RIM1	chain	Ox	-0.00944553238332446	58.233614179099	38282955.27	15427963.9408429	30955574.5017905	False
P32463_37frag125_1G_P2_1T	E1023	YKL192C	ACP1	chain	O-(pantetheine 4'-phosphoryl)serine; Carbamidomethyl	57.0187523946061	65.8232124631167	5713745.05	0	0	False
P32471_2full206_1G_P23_1T	E757	YAL003W	EFB1	full-met-cleaved	Acetyl; Phospho; Ox	15.9963865370264	62.4630827692236	9654218.45	0	0	False
P32471_2full206_1G_P40_1T	E408	YAL003W	EFB1	full-met-cleaved	Phospho; Acetyl	-0.027393660540838	62.5638591666667	14857076.37	0	0	False
P32774_2full122_1G_P1_1T	E1538	YKL058W	TOA2	full-met-cleaved		-0.001820206964112	72.7004878125825	4250207.09	0	0	False
P32911_2full108_1G_P5_1T	E587	YNL244C	SUI1	full-met-cleaved	Acetyl	-0.00351177463562635	56.7151373867238	58063278.87	0	0	False
P33421_51frag198_1G_P2_1T	E2081	YKL141W	SDH3	chain	Ox; Deamidation	0.987152635985694	83.263544678661	132716.85	0	0	False
P34760_2full196_1G_P18_1T	E1238	YML028W	TSA1	full-met-cleaved	Oxidation of W to Kynurenine; Deamidation; Acetone Artifact; Missing Lysine (K)	-30.0284710812994	71.0913601703762	5350254.87	438278978.28	147377259.33	False
P34760_2full196_1G_P18_1T	E795	YML028W	TSA1	full-met-cleaved	Oxidation of W to Kynurenine; Deamidation; Acetone Artifact; Missing Lysine (K); Hydrogen Dodecyl Sulfate; Hydrogen Dodecyl Sulfate	532.298420136907	70.9582013611247	8058893.95	0	0	False
P35179_2full80_1G_P1_1T	E1210	YDR086C	SSS1	full-met-cleaved		0.00171197934287193	72.9713133650634	17153220.63	0	0	False
P35691_2full167_1G_P1_1T	E369	YKL056C	TMA19	full-met-cleaved	Retained Met	131.024865245843	65.426902378954	77256958.16	73026505.6440183	159621461.507061	False
P36010_2full153_1G_P1_1T	E782	YKL067W	YNK1	full-met-cleaved	Acetyl	42.011142719075	58.6922845745586	13337571.68	0	0	False
P36105_2full138_1G_P4_1T	E14	YKL006W	RPL14A	full-met-cleaved	Acetyl	-0.00853547732367588	54.6675385993768	5380227582.76	2165464885.59	3195782334.08	False
P36105_2full138_1G_P4_1T	E1848	YKL006W	RPL14A	full-met-cleaved	Acetyl	-0.0257959294249304	59.856625	297970.29	0	0	False
P36105_2full138_1G_P8_1T	E169	YKL006W	RPL14A	full-met-cleaved	Acetyl; Ox	-0.00324968009408622	55.4960707751972	841637627.57	913318312.55	1364666541.84	False
P36533_2full70_1G_P1_1T	E2160	YML009C	MRPL39	full-met-cleaved		-0.00477200992190774	48.9560508333333	42033.28	0	0	False
P37299_2full77_1G_P2_1T	E1347	YHR001W-A	QCR10	full-met-cleaved	Ox; Ammonia loss	-17.0072688927339	66.0774738615216	1895498.81	0	0	False
P38013_2full176_1G_P16_1T	E155	YLR109W	AHP1	full-met-cleaved	Acetyl; Ox	0.00858564729787759	64.945850850379	357397868.23	135994529.65	256776753.61	False
P38013_2full176_1G_P35_1T	E905	YLR109W	AHP1	full-met-cleaved	Ox, Ox; Deamidation	-0.00247430447052466	65.8488361543145	13057192.21	7130194.71069686	14969549.157376	False
P38013_2full176_1G_P58_1T	E1012	YLR109W	AHP1	full-met-cleaved	Carboxymethyl; Deamidation; Acetone Artifact	98.0753314318135	65.4444433394435	7913790.33	0	0	False
P38013_2full176_1G_P6_1T	E123	YLR109W	AHP1	full-met-cleaved	Acetyl	-0.00829214409532142	65.2747721789995	767643066.37	263682826.16	330132351.08	False
P38013_2full176_1G_P6_1T	E435	YLR109W	AHP1	full-met-cleaved	Acetyl; Acetone Artifact	98.0553097289594	65.3621460053997	79784703.37	13661115.2955218	18078478.51	False
P38013_2full176_1G_P72_1T	E631	YLR109W	AHP1	full-met-cleaved	Carboxymethyl; Ox, Ox	0.0106949266810261	64.7109870829217	25559616.86	0	0	False
P38061_2full130_1G_P1_1T	E45	YBL092W	RPL32	full-met-cleaved		-0.00366549955469964	49.1131982564227	4113901620.46	3100731011.13	4397214571.65	False
P38061_2full130_1G_P1_1T	E241	YBL092W	RPL32	full-met-cleaved	Sulfate Adduct	97.9602594575044	50.7299921462243	75391561.65	83654690.5447534	135659491.081401	False
P38061_2full130_1G_P2_1T	E179	YBL092W	RPL32	full-met-cleaved	Ox	0.00641395383536292	50.2395426083517	247465486.03	998686051.91	1453070646.42	False
P38202_2full106_1G_P1_1T	E938	YBL028C		full-met-cleaved		0.00588389637778164	45.3494361742657	10398086.91	45845183.84	58822855.49	False
P38202_2full106_1G_P2_1T	E865	YBL028C		full-met-cleaved	Ox	0.00313288512006693	45.1981302088743	21802740.76	108021667.44	140612562.24	False
P38202_2full106_1G_P3_1T	E1146	YBL028C		full-met-cleaved	Ox; Ox	0.00131491101092251	45.0381317974808	10415998.91	27886344.19	37924548.92	False
P38203_2full95_1G_P1_1T	E641	YBL026W	LSM2	full-met-cleaved	Retained Met	131.042625246051	63.58676284625	44084931.5	0	0	False
P38203_2full95_1G_P2_1T	E889	YBL026W	LSM2	full-met-cleaved	Ox; Retained Met	131.039851691672	63.320449995904	18936737.38	0	0	False
P38374_2full65_1G_P1_1T	E337	YBR162W-A	YSY6	full-met-cleaved		0.000767169861319417	75.0453999218008	174697514.08	11736545.5200627	16959106.2629226	False
P38374_2full65_1G_P1_1T	E1760	YBR162W-A	YSY6	full-met-cleaved		0.00013713168209506	81.1516974211417	4990175.36	0	0	False
P38374_2full65_1G_P1_1T	E892	YBR162W-A	YSY6	full-met-cleaved	Hydrogen Dodecyl Sulfate	266.152846818655	75.2538946891956	40466654	0	0	False
P38374_2full65_1G_P1_1T	E998	YBR162W-A	YSY6	full-met-cleaved	Missing Alanine (A)	-71.0361198876899	75.0886164851249	20382142.66	0	0	False
P38374_2full65_1G_P1_1T	E1159	YBR162W-A	YSY6	full-met-cleaved	Hydrogen Dodecyl Sulfate; Hydrogen Dodecyl Sulfate	266.154572740591	76.1517584082467	6719935.23	0	0	False
P38374_2full65_1G_P1_1T	E1601	YBR162W-A	YSY6	full-met-cleaved	Hydrogen Dodecyl Sulfate; Methyl	14.0138192629065	75.1879083333333	735530.59	0	0	False
P38374_2full65_1G_P1_1T	E1602	YBR162W-A	YSY6	full-met-cleaved	Missing Alanine (A); Missing Valine (V)	-99.0710873564403	75.3551698776719	1053173.77	0	0	False
P38701_2full121_1G_P10_1T	E162	YHL015W	RPS20	full-met-cleaved	Acetyl; Ox	-0.0009690430451883	54.0322776264693	260961784.25	24510441.51	129344567.91	False
P38754_2full138_1G_P2_1T	E108	YHL001W	RPL14B	full-met-cleaved	Ox; Ammonia loss	-16.993748287714	55.2190153949292	812422661.47	0	0	False
P38754_2full138_1G_P2_1T	E364	YHL001W	RPL14B	full-met-cleaved	Ox; Ammonia loss; Acetone Artifact	98.0797690480613	54.1511836229494	72438833.53	0	0	False
P38754_2full138_1G_P4_1T	E39	YHL001W	RPL14B	full-met-cleaved	Acetyl	-0.0060458943444246	53.5764410832178	2613917562.43	900524241.5	1482291796.55	False
P38832_2full159_1G_P2_1T	E1056	YHR126C	ANS1	full-met-cleaved	Ox; Deamidation	0.981161761636031	73.3817330015544	13846648.98	0	0	False
P38879_2full174_1G_P5_1T	E133	YHR193C	EGD2	full-met-cleaved	Acetyl	-0.00621073512593284	55.589465415129	357765763.21	532860388.86	700009736.17	False
P38910_2full106_1G_P17_1T	E1122	YOR020C	HSP10	full-met-cleaved	Acetyl; Ammonia loss	-0.00177072949554713	59.5969095174973	7327318.56	0	0	False
P38910_2full106_1G_P17_1T	E85	YOR020C	HSP10	full-met-cleaved	Acetyl; Ammonia loss; Ox	16.0212087633572	59.392807753756	1858757149.6	116010235.64	162580339.3	False
P38910_2full106_1G_P17_1T	E1903	YOR020C	HSP10	full-met-cleaved	Acetyl; Ammonia loss; Ox	16.0233324979527	64.3818608333333	239811.82	0	0	False
P38910_2full106_1G_P17_1T	E674	YOR020C	HSP10	full-met-cleaved	Acetyl; Ammonia loss; Ox; Acetone Artifact	98.072907100468	60.1244132831567	60647206.9	0	0	False
P38910_2full106_1G_P17_1T	E1982	YOR020C	HSP10	full-met-cleaved	Acetyl; Ammonia loss; Ox; Hydrogen Dodecyl Sulfate; Hydrogen Dodecyl Sulfate	532.307419122773	64.6426140517283	404085.47	0	0	False
P38910_2full106_1G_P9_1T	E977	YOR020C	HSP10	full-met-cleaved	Acetyl; Ox	-0.0055645023148827	58.612236031026	16245705.19	0	0	False
P39111_2full118_1G_P1_1T	E113	YGR020C	VMA7	full-met-cleaved	Acetyl	42.0056435584338	61.1311167201162	1266859348.89	169867638.87	240662672.59	False
P39111_2full118_1G_P1_1T	E343	YGR020C	VMA7	full-met-cleaved	Acetyl	42.0074981240505	67.1484223102861	90316609.49	0	0	False
P39704_26frag215_1G_P1_1T	E1093	YAL007C	ERP2	chain		-0.0235071410497767	88.7826815102951	8993350.33	0	0	False
P39938_2full119_1G_P1_1T	E52	YGL189C	RPS26A	full-met-cleaved		-0.0115603463964362	46.9646315149258	2644279003.08	256745869.65	443105175.66	False
P39938_2full119_1G_P2_1T	E146	YGL189C	RPS26A	full-met-cleaved	Ox	-0.004661810124162	47.1341210085444	392659550.07	84111107.6343209	169791639.69	False
P39939_2full119_1G_P1_1T	E139	YER131W	RPS26B	full-met-cleaved		-0.0142877149428386	46.5255018625178	713345132.15	50079522.4822441	131301872.915587	False
P39939_2full119_1G_P1_1T	E583	YER131W	RPS26B	full-met-cleaved	Missing Leucine (L)	-113.088517370767	46.5509825	8987007.3	0	0	False
P39989_22frag153_1G_P2_1T	E1565	YEL028W		chain	Ox; Hydrogen Dodecyl Sulfate	266.157728885504	72.1165724540355	1972091.61	0	0	False
P39990_2full126_1G_P1_1T	E143	YEL026W	SNU13	full-met-cleaved	Acetyl	41.9994169889651	67.2474701392441	405262963.77	52522825.1861957	91524814.05	False
P39990_2full126_1G_P1_1T	E438	YEL026W	SNU13	full-met-cleaved	Acetyl; Missing Isoleucine (I)	-113.084712849757	66.8565448036241	47780429.42	0	0	False
P39990_2full126_1G_P4_1T	E1700	YEL026W	SNU13	full-met-cleaved	Ox; Acetyl	42.0043154753566	66.8626472427106	969125.94	0	0	False
P40037_2full129_1G_P1_1T	E224	YER057C	HMF1	full-met-cleaved		-0.00889673092024168	66.4375357820568	254344183.89	28226337.39	64572539.12	False
P40037_2full129_1G_P7_1T	E1509	YER057C	HMF1	full-met-cleaved	Ox; Ox	-0.00649414853069175	66.3184248112462	3398822.6	0	0	False
P40185_18frag145_1G_P1_1T	E77	YIL051C	MMF1	chain		-0.00833660177886486	63.4838558224867	1882294775.98	359170772.26	525089375.6	False
P40312_2full120_1G_P1_1T	E395	YNL111C	CYB5	full-met-cleaved		0.00493213419395033	73.5202724529489	108064818.16	0	0	False
P40312_2full120_1G_P1_1T	E1153	YNL111C	CYB5	full-met-cleaved	Hydrogen Dodecyl Sulfate; Hydrogen Dodecyl Sulfate	532.305394863148	74.039062125452	6087498.93	0	0	False
P40540_2full141_1G_P1_1T	E1017	YIL027C	EMC5	full-met-cleaved		-0.00917262298207788	76.6604673207311	21119353.07	0	0	False
P40540_2full141_1G_P1_1T	E1386	YIL027C	EMC5	full-met-cleaved	Acetyl	42.0092132293048	77.8926612697318	2912753.8	0	0	False
P40540_2full141_1G_P2_1T	E1815	YIL027C	EMC5	full-met-cleaved	Ox	-0.00925156477569544	77.5587366666667	344120.97	0	0	False
P41056_2full107_1G_P1_1T	E24	YOR234C	RPL33B	full-met-cleaved		-0.0101703171440022	50.515357326618	4880655436.57	1596251430.57	2229592362.85	False
P41056_2full107_1G_P2_1T	E249	YOR234C	RPL33B	full-met-cleaved	Ox	-0.0069450863320526	51.0622888887535	258379274.5	285725982.61	460449711.43	False
P41057_2full56_1G_P1_1T	E473	YLR388W	RPS29A	full-met-cleaved		-0.000868042258844071	52.8732780941873	93975229.25	0	0	False
P41057_2full56_1G_P4_1T	E711	YLR388W	RPS29A	full-met-cleaved	Water loss; Retained Met	130.997110887887	45.8478350916724	58783300.91	0	0	False
P41057_2full56_1G_P4_1T	E1878	YLR388W	RPS29A	full-met-cleaved	Water loss; Retained Met	131.000484414367	53.3755380501154	530514.27	0	0	False
P41057_2full56_1G_P5_1T	E1745	YLR388W	RPS29A	full-met-cleaved	Phospho; Deamidation; Hydrogen Dodecyl Sulfate	266.190077256769	52.6698331385676	923766.29	0	0	False
P41057_2full56_1G_P8_1T	E1883	YLR388W	RPS29A	full-met-cleaved	Deamidation; Water loss; Ox	16.0265411963046	62.2524458333333	260412.77	0	0	False
P41058_2full56_1G_P3_1T	E415	YDL061C	RPS29B	full-met-cleaved	Deamidation; Methyl	14.0165516565439	45.3715035648242	240530770.63	42609052	60935986.29	False
P41058_2full56_1G_P3_1T	E1648	YDL061C	RPS29B	full-met-cleaved	Deamidation; Methyl	14.0107237355287	52.5309483355134	2452009.49	0	0	False
P41058_2full56_1G_P3_1T	E1673	YDL061C	RPS29B	full-met-cleaved	Deamidation; Methyl; Sulfate Adduct	97.9869618407383	45.7610207201528	7372758.01	0	0	False
P41058_2full56_1G_P3_1T	E1899	YDL061C	RPS29B	full-met-cleaved	Deamidation; Methyl; Sulfate Adduct	97.9959665386159	52.7746041666667	245227	0	0	False
P41058_2full56_1G_P4_1T	E490	YDL061C	RPS29B	full-met-cleaved	Ox; Ammonia loss	-17.0122581337846	52.6171700365777	68271445.61	0	0	False
P41058_2full56_1G_P4_1T	E1744	YDL061C	RPS29B	full-met-cleaved	Ox; Ammonia loss	-17.0067744630223	62.3701984733595	2607167.79	0	0	False
P41058_2full56_1G_P5_1T	E1004	YDL061C	RPS29B	full-met-cleaved	Phospho; Deamidation; Ox	16.0030260826543	45.4633390741242	19422666.53	0	0	False
P41058_2full56_1G_P8_1T	E2064	YDL061C	RPS29B	full-met-cleaved	Ox; Deamidation; Methyl	14.0063528506798	52.3008738510137	175589.07	0	0	False
P41806_2full77_1G_P1_1T	E397	YGR105W	VMA21	full-met-cleaved		-0.00381693587951304	90.6933190547833	280702921.74	0	0	False
P41806_2full77_1G_P1_1T	E1135	YGR105W	VMA21	full-met-cleaved	Acetyl	42.0108423787497	93.5946177585652	30071354.81	0	0	False
P41806_2full77_1G_P1_1T	E2011	YGR105W	VMA21	full-met-cleaved	Acetyl; Missed Monoisotopic (-1); Ox	14.9921777863128	91.4002339546119	261335.92	0	0	False
P41806_2full77_1G_P2_1T	E1269	YGR105W	VMA21	full-met-cleaved	Ox	-0.00451722852449166	88.0526386554144	33015661.78	0	0	False
P42949_2full149_1G_P1_1T	E1502	YJL104W	PAM16	full-met-cleaved	Acetyl	41.993259182369	58.459075	1030261.59	0	0	False
P43682_2full97_1G_P2_1T	E2007	YKL006C-A	SFT1	full-met-cleaved	Ox; Acetyl	42.0011193281334	81.9396026814164	335005.75	0	0	False
P46784_2full105_1G_P2_1T	E208	YMR230W	RPS10B	full-met-cleaved	Ox; Retained Met; Ox	147.021322065604	61.6936542833251	775313907.93	459724823.93	484871466.95	False
P46965_2full94_1G_P3_1T	E1364	YJR010C-A	SPC1	full-met-cleaved	Acetyl	-0.00349162994098151	83.2642569320339	2736736.45	0	0	False
P48589_2full143_1G_P28_1T	E1326	YOR369C	RPS12	full-met-cleaved	Hydrogen Dodecyl Sulfate; Phospho	-168.075956956534	72.5595950010985	3338598.54	0	0	False
P48589_2full143_1G_P28_1T	E835	YOR369C	RPS12	full-met-cleaved	Acetyl; Hydrogen Dodecyl Sulfate	-15.9968494965979	74.0979771659126	33019149.7	0	0	False
P48589_2full143_1G_P28_1T	E187	YOR369C	RPS12	full-met-cleaved	Acetyl; Hydrogen Dodecyl Sulfate; Phospho	79.9639250959754	74.2622972773165	396711163.3	0	0	False
P48589_2full143_1G_P28_1T	E1824	YOR369C	RPS12	full-met-cleaved	Ox; Acetyl; Hydrogen Dodecyl Sulfate	266.150537168662	73.2514741666667	332221.36	0	0	False
P48589_2full143_1G_P28_1T	E122	YOR369C	RPS12	full-met-cleaved	Acetyl; Hydrogen Dodecyl Sulfate; Phospho; Hydrogen Dodecyl Sulfate	266.158748465059	74.5421165181468	786818155.35	0	0	False
P48589_2full143_1G_P28_1T	E317	YOR369C	RPS12	full-met-cleaved	Acetyl; Hydrogen Dodecyl Sulfate; Hydrogen Dodecyl Sulfate; Hydrogen Dodecyl Sulfate	532.310191403058	75.4668239101586	292211486.55	0	0	False
P48589_2full143_1G_P28_1T	E1369	YOR369C	RPS12	full-met-cleaved	Hydrogen Dodecyl Sulfate; Hydrogen Dodecyl Sulfate; Hydrogen Dodecyl Sulfate; Phospho	-168.078758795491	74.35803	1481762.17	0	0	False
P48589_2full143_1G_P28_1T	E377	YOR369C	RPS12	full-met-cleaved	Ox; Acetyl; Hydrogen Dodecyl Sulfate; Phospho	79.9636736418652	74.2584402009854	184686117.5	0	0	False
P48589_2full143_1G_P28_1T	E107	YOR369C	RPS12	full-met-cleaved	Acetyl; Hydrogen Dodecyl Sulfate; Hydrogen Dodecyl Sulfate; Hydrogen Dodecyl Sulfate; Phospho	79.9614352603039	74.7006959987895	1021683694.28	0	0	False
P48589_2full143_1G_P28_1T	E234	YOR369C	RPS12	full-met-cleaved	Ox; Acetyl; Hydrogen Dodecyl Sulfate; Phospho; Hydrogen Dodecyl Sulfate	266.163579068414	74.419227769143	393330095.11	0	0	False
P48589_2full143_1G_P28_1T	E231	YOR369C	RPS12	full-met-cleaved	Acetyl; Hydrogen Dodecyl Sulfate; Hydrogen Dodecyl Sulfate; Hydrogen Dodecyl Sulfate; Hydrogen Dodecyl Sulfate	266.154769169692	75.7115208024026	382318823.81	0	0	False
P48589_2full143_1G_P28_1T	E1089	YOR369C	RPS12	full-met-cleaved	Acetyl; Hydrogen Dodecyl Sulfate; Hydrogen Dodecyl Sulfate; Hydrogen Dodecyl Sulfate; Phospho; Acetone Artifact	98.0747746299494	74.8336301271465	16460704.83	0	0	False
P48589_2full143_1G_P28_1T	E158	YOR369C	RPS12	full-met-cleaved	Acetyl; Hydrogen Dodecyl Sulfate; Hydrogen Dodecyl Sulfate; Hydrogen Dodecyl Sulfate; Hydrogen Dodecyl Sulfate; Phospho	79.9597248366044	74.9455686828175	863057446.96	0	0	False
P48589_2full143_1G_P28_1T	E232	YOR369C	RPS12	full-met-cleaved	Ox; Acetyl; Hydrogen Dodecyl Sulfate; Phospho; Hydrogen Dodecyl Sulfate; Hydrogen Dodecyl Sulfate	532.310964084059	74.5618332074908	461821894.43	0	0	False
P48589_2full143_1G_P28_1T	E630	YOR369C	RPS12	full-met-cleaved	Ox; Acetyl; Hydrogen Dodecyl Sulfate; Phospho; Hydrogen Dodecyl Sulfate; Ox	282.153684925383	74.5237954647934	38503202.98	0	0	False
P48589_2full143_1G_P28_1T	E1453	YOR369C	RPS12	full-met-cleaved	Ox; Acetyl; Hydrogen Dodecyl Sulfate; Phospho; Deamidation; Methyl	14.9971113498814	74.2495025	1192004.75	0	0	False
P48589_2full143_1G_P28_1T	E219	YOR369C	RPS12	full-met-cleaved	Acetyl; Hydrogen Dodecyl Sulfate; Hydrogen Dodecyl Sulfate; Hydrogen Dodecyl Sulfate; Hydrogen Dodecyl Sulfate; Hydrogen Dodecyl Sulfate	532.305985271507	75.9559928903825	331014414.94	0	0	False
P48589_2full143_1G_P28_1T	E469	YOR369C	RPS12	full-met-cleaved	Acetyl; Hydrogen Dodecyl Sulfate; Hydrogen Dodecyl Sulfate; Hydrogen Dodecyl Sulfate; Hydrogen Dodecyl Sulfate; Ox	282.15295301641	75.8705154208198	108499957.19	0	0	False
P48589_2full143_1G_P28_1T	E475	YOR369C	RPS12	full-met-cleaved	Ox; Acetyl; Hydrogen Dodecyl Sulfate; Phospho; Hydrogen Dodecyl Sulfate; Hydrogen Dodecyl Sulfate; Ox	282.139147447955	74.4506297207816	57628676.02	0	0	False
P48589_2full143_1G_P28_1T	E293	YOR369C	RPS12	full-met-cleaved	Acetyl; Hydrogen Dodecyl Sulfate; Hydrogen Dodecyl Sulfate; Hydrogen Dodecyl Sulfate; Hydrogen Dodecyl Sulfate; Hydrogen Dodecyl Sulfate; Hydrogen Dodecyl Sulfate	532.305955819345	76.1881405946004	178072912.12	0	0	False
P48589_2full143_1G_P28_1T	E303	YOR369C	RPS12	full-met-cleaved	Acetyl; Hydrogen Dodecyl Sulfate; Hydrogen Dodecyl Sulfate; Hydrogen Dodecyl Sulfate; Hydrogen Dodecyl Sulfate; Phospho; Hydrogen Dodecyl Sulfate; Hydrogen Dodecyl Sulfate	532.311750930457	75.8379654272908	199270906.95	0	0	False
P48589_2full143_1G_P28_1T	E1270	YOR369C	RPS12	full-met-cleaved	Acetyl; Hydrogen Dodecyl Sulfate; Hydrogen Dodecyl Sulfate; Hydrogen Dodecyl Sulfate; Phospho; Acetone Artifact; Hydrogen Dodecyl Sulfate; Hydrogen Dodecyl Sulfate	532.300685643993	75.383859896607	5274849.44	0	0	False
P48589_2full143_1G_P28_1T	E599	YOR369C	RPS12	full-met-cleaved	Ox; Acetyl; Hydrogen Dodecyl Sulfate; Phospho; Hydrogen Dodecyl Sulfate; Hydrogen Dodecyl Sulfate; Hydrogen Dodecyl Sulfate; Ox	282.140797421347	74.5278657196976	25690712.96	0	0	False
P48589_2full143_1G_P28_1T	E439	YOR369C	RPS12	full-met-cleaved	Ox; Acetyl; Hydrogen Dodecyl Sulfate; Phospho; Hydrogen Dodecyl Sulfate; Hydrogen Dodecyl Sulfate; Hydrogen Dodecyl Sulfate; Hydrogen Dodecyl Sulfate	532.316342773705	75.4048797517125	181554559.87	0	0	False
P48589_2full143_1G_P28_1T	E603	YOR369C	RPS12	full-met-cleaved	Acetyl; Hydrogen Dodecyl Sulfate; Hydrogen Dodecyl Sulfate; Hydrogen Dodecyl Sulfate; Hydrogen Dodecyl Sulfate; Hydrogen Dodecyl Sulfate; Hydrogen Dodecyl Sulfate; Hydrogen Dodecyl Sulfate	532.30926763804	76.39817879366	41363754.25	0	0	False
P48589_2full143_1G_P28_1T	E668	YOR369C	RPS12	full-met-cleaved	Acetyl; Hydrogen Dodecyl Sulfate; Hydrogen Dodecyl Sulfate; Hydrogen Dodecyl Sulfate; Hydrogen Dodecyl Sulfate; Hydrogen Dodecyl Sulfate; Hydrogen Dodecyl Sulfate; Hydrogen Dodecyl Sulfate; Phospho	79.9764224671417	76.2739446511711	20939961.71	0	0	False
P48589_2full143_1G_P38_1T	E462	YOR369C	RPS12	full-met-cleaved	Water loss; Acetyl	-0.00624229181448754	70.7243130992794	38668581.63	0	0	False
P48589_2full143_1G_P38_1T	E405	YOR369C	RPS12	full-met-cleaved	Water loss; Acetyl; Phospho	79.962019667395	71.0662088581559	80073457.55	291510497.711825	337962660.264104	False
P48589_2full143_1G_P41_1T	E946	YOR369C	RPS12	full-met-cleaved	Ox; Ox; Ox; Acetyl	42.0320610220642	72.0248847923683	16271825.91	34755151.8407622	29002035.6321186	False
P48606_2full106_1G_P1_1T	E816	YOR265W	RBL2	full-met-cleaved		0.00308138155196502	61.7774867230202	8453337.7	0	0	False
P48836_2full114_1G_P3_1T	E563	YHR039C-A	VMA10	full-met-cleaved	Acetyl	-0.000456591915281024	56.0438717473619	40833185.92	0	0	False
P48836_2full114_1G_P3_1T	E82	YHR039C-A	VMA10	full-met-cleaved	Acetyl; Missing Leucine (L)	-113.085745612876	54.6955071365136	1650545697.41	413266116.12	752522860.58	False
P48836_2full114_1G_P3_1T	E978	YHR039C-A	VMA10	full-met-cleaved	Acetyl; Missing Leucine (L)	-113.078581918418	63.4004863095892	13604320.49	0	0	False
P48836_2full114_1G_P3_1T	E451	YHR039C-A	VMA10	full-met-cleaved	Acetyl; Missing Leucine (L); Missing Alanine (A)	-71.0379950886108	54.6689265041127	94062310.88	0	0	False
P49166_2full88_1G_P1_1T	E48	YLR185W	RPL37A	full-met-cleaved		-0.00313059312975383	43.5229799752886	6495608114.72	1343949316.93	1804173018.23	False
P49166_2full88_1G_P1_1T	E714	YLR185W	RPL37A	full-met-cleaved		-0.0035915330536227	32.2214418896742	148945141.66	240647135.74	258278285.33	False
P49166_2full88_1G_P1_1T	E1225	YLR185W	RPL37A	full-met-cleaved	Missing Alanine (A)	-71.0337650743877	32.3183558620539	5367947.57	0	0	False
P49166_2full88_1G_P1_1T	E735	YLR185W	RPL37A	full-met-cleaved	Retained Met	130.991458694438	42.9681875610856	76633206.55	63346178.78	108578739.66	False
P49166_2full88_1G_P1_1T	E728	YLR185W	RPL37A	full-met-cleaved	Sulfate Adduct; Phospho	177.933174576014	43.6126478580776	27065594.29	0	0	False
P49166_2full88_1G_P1_1T	E525	YLR185W	RPL37A	full-met-cleaved	Sulfate Adduct; Ox	113.966648580186	32.3585966118358	103027499.33	184922683.98	214021370.79	False
P49166_2full88_1G_P1_1T	E1491	YLR185W	RPL37A	full-met-cleaved	Phospho; Ox	95.9584004920871	32.8272214705186	4759727.91	0	0	False
P49166_2full88_1G_P1_1T	E1117	YLR185W	RPL37A	full-met-cleaved	Retained Met; Phospho; Ox	95.9779166430908	43.4645246984773	6786230.62	0	0	False
P49166_2full88_1G_P1_1T	E1833	YLR185W	RPL37A	full-met-cleaved	Sulfate Adduct; Ox; Phospho	79.9718234806223	33.3105233588917	1331670.35	0	0	False
P49166_2full88_1G_P1_1T	E1246	YLR185W	RPL37A	full-met-cleaved	Retained Met; Phospho; Ox; Deamidation; Ox	17.0100330300502	42.9947169661069	3068686.11	0	0	False
P49166_2full88_1G_P10_1T	E1637	YLR185W	RPL37A	full-met-cleaved	Ox; Ammonia loss	0.0230363925475103	26.6568248321735	2337555.88	0	0	False
P49166_2full88_1G_P10_1T	E1171	YLR185W	RPL37A	full-met-cleaved	Ox; Ammonia loss; Methyl	14.0224855773668	31.7477791176869	3115075.96	8598898.17	5095539.73	False
P49166_2full88_1G_P10_1T	E836	YLR185W	RPL37A	full-met-cleaved	Ox; Ammonia loss; Missing Alanine (A)	-70.9975008741603	43.4983731056311	34684614.6	4677947.23700705	5110651.66269535	False
P49166_2full88_1G_P11_1T	E2235	YLR185W	RPL37A	full-met-cleaved	Ammonia loss; Deamidation; Ammonia loss	-17.0094857059248	32.9268283333333	10994.96	0	0	False
P49166_2full88_1G_P12_1T	E1292	YLR185W	RPL37A	full-met-cleaved	Ox; Ammonia loss; Pyrrolidinone	-30.0150796217549	42.859359281072	6304621.78	45465356.17	59903711.28	False
P49166_2full88_1G_P12_1T	E2121	YLR185W	RPL37A	full-met-cleaved	Ox; Ammonia loss; Pyrrolidinone; Water Adduct	18.0075025288497	42.523755307598	83926.1	53323126.01	68782122.67	False
P49166_2full88_1G_P12_1T	E1823	YLR185W	RPL37A	full-met-cleaved	Ox; Ammonia loss; Pyrrolidinone; Acetone Artifact; Missing Alanine (A)	27.021193542234	42.9145800189898	1253292.44	24699201.61	36428870.94	False
P49166_2full88_1G_P4_1T	E2174	YLR185W	RPL37A	full-met-cleaved	Ox; Methyl	13.9980695955364	33.6279247390466	53668.71	1078398.84984992	2325758.03326191	False
P49166_2full88_1G_P4_1T	E1789	YLR185W	RPL37A	full-met-cleaved	Ox; Retained Met	130.99886374505	42.5471148811593	1049846.68	3765035.4273615	8903477.0258428	False
P49166_2full88_1G_P4_1T	E1868	YLR185W	RPL37A	full-met-cleaved	Ox; Methyl; Missing Glycine (G)	-57.0373684783754	32.4056825494295	480094.09	11301941.2850614	14183602.9666573	False
P49166_2full88_1G_P4_1T	E2141	YLR185W	RPL37A	full-met-cleaved	Ox; Methyl; Missing Glycine (G); Deamidation; Ox	17.0083895941279	32.6492983333333	53317.46	8548104.80103289	4949178.87	False
P49166_2full88_1G_P5_1T	E365	YLR185W	RPL37A	full-met-cleaved	Ammonia loss	0.00381573575577931	43.4815285498947	370432828.92	125365001.48	184144325.68	False
P49166_2full88_1G_P5_1T	E352	YLR185W	RPL37A	full-met-cleaved	Ammonia loss; Retained Met	131.048018124358	43.1402939830604	583595289.43	187200732.14	285228196.2	False
P49166_2full88_1G_P5_1T	E746	YLR185W	RPL37A	full-met-cleaved	Ammonia loss; Retained Met; Sulfate Adduct	97.9838869467694	42.9819815825275	23080180.88	2912929.49250134	4981526.82465315	False
P49166_2full88_1G_P5_1T	E1594	YLR185W	RPL37A	full-met-cleaved	Ammonia loss; Retained Met; Sulfate Adduct; Pyrrolidinone	-29.9994884580519	43.6110372618431	1100700.79	0	0	False
P49166_2full88_1G_P6_1T	E42	YLR185W	RPL37A	full-met-cleaved	Ox; Deamidation	0.0255760341078712	43.214484357195	4738570240.95	1837500037.5	2536119694.41	False
P49166_2full88_1G_P6_1T	E111	YLR185W	RPL37A	full-met-cleaved	Ox; Deamidation	0.0294116531604232	31.7344735132938	2356896763.81	467578118.95	539860949.99	False
P49166_2full88_1G_P6_1T	E416	YLR185W	RPL37A	full-met-cleaved	Ox; Deamidation	0.0239124094841827	25.9890305879062	114741734.94	0	0	False
P49166_2full88_1G_P6_1T	E154	YLR185W	RPL37A	full-met-cleaved	Ox; Deamidation; Ox	16.0214585560643	43.0363237594372	841002192.03	483809763.52	684998047.28	False
P49166_2full88_1G_P6_1T	E1344	YLR185W	RPL37A	full-met-cleaved	Ox; Deamidation; Missing Alanine (A)	-71.0051946347085	31.4648252639484	12426417.07	0	0	False
P49166_2full88_1G_P6_1T	E1300	YLR185W	RPL37A	full-met-cleaved	Ox; Deamidation; Ox	16.0222706956556	25.5806398523941	10116746.28	0	0	False
P49166_2full88_1G_P6_1T	E543	YLR185W	RPL37A	full-met-cleaved	Ox; Deamidation; Acetone Artifact	98.0729777532688	32.2231971536409	42492497.44	0	0	False
P49166_2full88_1G_P6_1T	E722	YLR185W	RPL37A	full-met-cleaved	Ox; Deamidation; Sulfate Adduct; Phospho	177.939560584289	43.252093272872	60126315.56	4218043.71942435	7291130.80554621	False
P49166_2full88_1G_P6_1T	E657	YLR185W	RPL37A	full-met-cleaved	Ox; Deamidation; Ox; Ox	31.9830703917687	43.016865593887	101303610.55	27202828.64	49646166.27	False
P49166_2full88_1G_P6_1T	E2131	YLR185W	RPL37A	full-met-cleaved	Ox; Deamidation; Ox; Missing Alanine (A)	-71.0220675702749	43.0067559076576	106016.72	5724387.86029558	4295361.05	False
P49166_2full88_1G_P6_1T	E1651	YLR185W	RPL37A	full-met-cleaved	Ox; Deamidation; Acetone Artifact; Ox	114.057531264574	32.1446174006578	1465615.91	0	0	False
P49166_2full88_1G_P6_1T	E1921	YLR185W	RPL37A	full-met-cleaved	Ox; Deamidation; Missing Alanine (A); Deamidation; Methyl	14.9979061904651	29.3005359919449	725733.65	3879296.48443952	7701671.7382331	False
P49166_2full88_1G_P6_1T	E1998	YLR185W	RPL37A	full-met-cleaved	Ox; Deamidation; Ox; Missing Alanine (A); Deamidation; Ox	17.0073106220734	44.2455887066579	206880.02	10529662.0319865	7544676.03149602	False
P49166_2full88_1G_P6_1T	E1647	YLR185W	RPL37A	full-met-cleaved	Ox; Deamidation; Ox; Missing Alanine (A); Deamidation; Ox; Acetone Artifact; Deamidation	99.0636613205843	43.5878289832901	657134.39	0	0	False
P49167_2full78_1G_P1_1T	E0	YLR325C	RPL38	full-met-cleaved		0.00270210408780258	50.5197315786551	11868070309.46	1976786294.81	3067913292.85	False
P49167_2full78_1G_P1_1T	E1024	YLR325C	RPL38	full-met-cleaved		0.000427362017944688	62.7011556157846	16244219.23	0	0	False
P49167_2full78_1G_P1_1T	E165	YLR325C	RPL38	full-met-cleaved		0.0010853323401534	57.3949006907925	730234362.31	0	0	False
P49167_2full78_1G_P1_1T	E83	YLR325C	RPL38	full-met-cleaved	Acetone Artifact	98.0741468860306	51.07247707941	780236791.14	5776656.8912066	15031643.7395424	False
P49167_2full78_1G_P1_1T	E127	YLR325C	RPL38	full-met-cleaved	Missing Leucine (L)	-113.087115120607	50.0938347840977	464251611.22	20434120.37	26708830.83	False
P49167_2full78_1G_P1_1T	E60	YLR325C	RPL38	full-met-cleaved	Sulfate Adduct	97.959942590076	50.5183094611402	851875600.02	75300277.578986	148498599.95	False
P49167_2full78_1G_P1_1T	E1227	YLR325C	RPL38	full-met-cleaved	Missing Leucine (L)	-113.0826312968	56.8298649791749	6448299.68	0	0	False
P49167_2full78_1G_P1_1T	E2183	YLR325C	RPL38	full-met-cleaved	Acetone Artifact	98.069761574332	62.7452633333333	32317.81	0	0	False
P49167_2full78_1G_P1_1T	E948	YLR325C	RPL38	full-met-cleaved	Acetone Artifact	98.0705445338735	57.5374777446579	16426884.72	0	0	False
P49167_2full78_1G_P1_1T	E1528	YLR325C	RPL38	full-met-cleaved	Missing Leucine (L); Missing Alanine (A)	-71.0331095938145	51.5077127914909	4230782.14	0	0	False
P49167_2full78_1G_P1_1T	E413	YLR325C	RPL38	full-met-cleaved	Sulfate Adduct; Phospho	177.934175876206	50.3631446171976	26497190.29	0	0	False
P49167_2full78_1G_P1_1T	E211	YLR325C	RPL38	full-met-cleaved	Acetyl; Acetyl	84.0567881608858	51.0536900159088	160373437.22	0	0	False
P49167_2full78_1G_P1_1T	E294	YLR325C	RPL38	full-met-cleaved	Acetone Artifact; Sulfate Adduct	97.9597619584019	50.9919240569788	47260883.48	0	0	False
P49167_2full78_1G_P1_1T	E1897	YLR325C	RPL38	full-met-cleaved	Missing Leucine (L); Missing Arginine (R)	-156.096720484906	52.2076275	246502.39	0	0	False
P49167_2full78_1G_P1_1T	E1500	YLR325C	RPL38	full-met-cleaved	Acetyl; Acetyl	84.0575788331171	57.2969496519894	2383663.6	0	0	False
P49435_2full187_1G_P2_1T	E915	YML022W	APT1	full-met-cleaved	Ox; Acetyl	42.0177983236681	73.0660276898862	7654338.39	35267166.51	16255219.4	False
P50861_2full169_1G_P1_1T	E604	YOL143C	RIB4	full-met-cleaved		-0.0045742657239316	66.5206887618619	21978495.93	0	0	False
P50861_2full169_1G_P2_1T	E649	YOL143C	RIB4	full-met-cleaved	Ox	-0.0120633455117058	66.2118565242999	22558362.33	0	0	False
P51402_2full88_1G_P1_1T	E238	YDR500C	RPL37B	full-met-cleaved	Phospho	79.991585460175	43.5168934494084	930561041.020001	150437772.01	195601318.35	False
P51402_2full88_1G_P2_1T	E276	YDR500C	RPL37B	full-met-cleaved	Ox	-0.00264972294280597	31.0722716334166	855243386.35	610012293.85	797173536.76	False
P51402_2full88_1G_P2_1T	E1402	YDR500C	RPL37B	full-met-cleaved	Ox; Sulfate Adduct	97.9564384265868	31.196254239311	26388777.32	79048487.79	111177283.42	False
P51402_2full88_1G_P2_1T	E980	YDR500C	RPL37B	full-met-cleaved	Ox; Ox; Ox	31.9713708649815	42.8998002123748	21268907.67	0	0	False
P51402_2full88_1G_P2_1T	E1948	YDR500C	RPL37B	full-met-cleaved	Ox; Sulfate Adduct; Sulfate Adduct	97.9586416106249	30.6782503014375	1148786.22	4306360.22466019	7097206.43	False
P51402_2full88_1G_P2_1T	E1582	YDR500C	RPL37B	full-met-cleaved	Ox; Sulfate Adduct; Deamidation; Methyl	14.9929146954437	29.7382449484574	2870882.19	5870449.14903662	16280144.26032	False
P51402_2full88_1G_P2_1T	E1090	YDR500C	RPL37B	full-met-cleaved	Ox; Sulfate Adduct; Sulfate Adduct; Ammonia loss	-17.0076344349545	32.3007109143595	16229045.79	0	0	False
P51402_2full88_1G_P4_1T	E2226	YDR500C	RPL37B	full-met-cleaved	Ox; Deamidation	-42.0447840527231	32.9064344947887	24731.07	7448641.00925313	5237924.4	False
P51402_2full88_1G_P4_1T	E928	YDR500C	RPL37B	full-met-cleaved	Ox; Deamidation; Methyl	13.9954350209446	31.2580378081278	100498224.87	37513232.9	60857461.42	False
P51402_2full88_1G_P4_1T	E1048	YDR500C	RPL37B	full-met-cleaved	Ox; Deamidation; Methyl; Water Adduct	18.006518558519	31.4320972035506	33726472.24	3096976.95	5722046.29	False
P51402_2full88_1G_P4_1T	E2017	YDR500C	RPL37B	full-met-cleaved	Ox; Deamidation; Methyl; Ox; Ox	32.0057876882838	29.2925358333333	126421.2	0	0	False
P52553_2full114_1G_P3_1T	E593	YLR200W	YKE2	full-met-cleaved	Acetyl	-0.00694019275761093	61.2696182348449	33514319.75	0	0	False
P52870_2full82_1G_P1_1T	E512	YER087C-B	SBH1	full-met-cleaved		-0.00725963402692287	82.2294908598948	142832213.2	6809972.41321071	27088833.45	False
P52870_2full82_1G_P1_1T	E66	YER087C-B	SBH1	full-met-cleaved	Acetyl	42.0052572630721	82.6430895996566	3112650569.07	319042652.83	495413847.03	False
P52870_2full82_1G_P1_1T	E848	YER087C-B	SBH1	full-met-cleaved	Missing Serine (S)	-87.0287681458267	82.1154794367856	48951445.81	0	0	False
P52870_2full82_1G_P1_1T	E750	YER087C-B	SBH1	full-met-cleaved	Acetyl; Acetone Artifact	98.0739709356585	83.2367745627713	142823324.94	0	0	False
P52870_2full82_1G_P1_1T	E316	YER087C-B	SBH1	full-met-cleaved	Acetyl; Hydrogen Dodecyl Sulfate	266.152887324206	81.7476152634006	92911556.4	0	0	False
P52870_2full82_1G_P1_1T	E831	YER087C-B	SBH1	full-met-cleaved	Acetyl; Hydrogen Dodecyl Sulfate; Hydrogen Dodecyl Sulfate	532.306069431464	81.7100845452976	14626311.3	0	0	False
P52870_2full82_1G_P1_1T	E1321	YER087C-B	SBH1	full-met-cleaved	Acetyl; Acetyl; Acetyl	84.0581004704673	83.0697753844518	2999602.59	0	0	False
P52871_2full88_1G_P1_1T	E121	YER019C-A	SBH2	full-met-cleaved		0.00169323143927613	83.3619143158499	1229840227.27	112049825.17	169251865.63	False
P52871_2full88_1G_P1_1T	E1657	YER019C-A	SBH2	full-met-cleaved	Acetone Artifact	98.0735195569087	84.7847645975743	2913135.82	0	0	False
P52871_2full88_1G_P1_1T	E781	YER019C-A	SBH2	full-met-cleaved	Hydrogen Dodecyl Sulfate	266.14391968089	82.3058665311638	15816500.99	0	0	False
P52871_2full88_1G_P1_1T	E423	YER019C-A	SBH2	full-met-cleaved	Missing Alanine (A)	-71.0342476332899	83.4535723605101	264339174.52	17333566.0374096	18210863.55	False
P52871_2full88_1G_P1_1T	E268	YER019C-A	SBH2	full-met-cleaved	Acetyl	42.0043986709588	83.9806218744667	421984522.48	34634482.24	40114413.18	False
P52871_2full88_1G_P1_1T	E549	YER019C-A	SBH2	full-met-cleaved	Missing Isoleucine (I)	-113.076585144339	82.2571581634093	99545144.87	7335443.26553627	15813537.7659731	False
P52871_2full88_1G_P1_1T	E1239	YER019C-A	SBH2	full-met-cleaved	Missing Alanine (A); Missing Isoleucine (I)	-113.08687208622	82.7099663340209	8616801.55	0	0	False
P52871_2full88_1G_P1_1T	E1140	YER019C-A	SBH2	full-met-cleaved	Missing Alanine (A); Acetyl	42.0054892284916	84.1052917531949	20049528.36	0	0	False
P52871_2full88_1G_P1_1T	E378	YER019C-A	SBH2	full-met-cleaved	Missing Alanine (A); Missing Serine (S); Ox	-71.0338177090507	83.4855020937246	306609076.8	4195748.03574485	21370339.8733824	False
P52871_2full88_1G_P1_1T	E1129	YER019C-A	SBH2	full-met-cleaved	Missing Alanine (A); Missing Serine (S); Ox; Missing Isoleucine (I)	-113.086641427379	82.494652156321	17794839.9	0	0	False
P53141_2full149_1G_P1_1T	E175	YGL106W	MLC1	full-met-cleaved	Acetyl	42.0102433838038	67.7433232616455	454972758.93	160809978.54	315135652.47	False
P53152_2full137_1G_P13_1T	E1332	YGL087C	MMS2	full-met-cleaved	Ox; Ox; Ox; Retained Met	131.028715932145	72.0541459298523	4422671.54	0	0	False
P53157_2full130_1G_P1_1T	E1284	YGL080W	MPC1	full-met-cleaved	Acetyl	41.9937877065659	68.6835911227641	3629719.85	0	0	False
P53221_2full127_1G_P1_1T	E79	YGR034W	RPL26B	full-met-cleaved	Acetone Artifact	98.057149922899	47.7723068694094	1340839385.52	665438812.53	958830405.66	False
P53221_2full127_1G_P1_1T	E221	YGR034W	RPL26B	full-met-cleaved	Ammonia loss	-17.0307806963683	47.4553089773956	378173532.31	738126753.12	1036048708.91	False
P53633_2full176_1G_P7_1T	E608	YNL044W	YIP3	full-met-cleaved	Acetyl; Ox; Retained Met	131.034938774901	92.2144896229195	75492172.71	0	0	False
P53633_2full176_1G_P7_1T	E1218	YNL044W	YIP3	full-met-cleaved	Acetyl; Ox; Retained Met; Ox	147.03370757732	92.1618674966043	10973690.34	0	0	False
P53633_2full176_1G_P7_1T	E1620	YNL044W	YIP3	full-met-cleaved	Acetyl; Ox; Retained Met; Acetyl; Missing Valine (V)	-57.0284438814269	94.4595063303354	2544421.28	0	0	False
P53738_2full135_1G_P1_1T	E1155	YNR046W	TRM112	full-met-cleaved	Retained Met	131.036603089593	72.209270923941	9903778.58	0	0	False
P56628_2full122_1G_P1_1T	E701	YFL034C-A	RPL22B	full-met-cleaved		-0.0119711154311517	60.3925516924834	33789776.28	68250441.8503203	146476854.080366	False
P56628_2full122_1G_P5_1T	E805	YFL034C-A	RPL22B	full-met-cleaved	Ammonia loss; Water loss	-0.0183913011296681	67.0008436019994	31334707.64	0	0	False
P61830_2full136_1G_P1_1T	E1125	YBR010W	HHT1	full-met-cleaved		0.00695991212705849	62.97689	2633041.06	7616557.69652212	30944703.22	False
P61830_2full136_1G_P29_1T	E589	YBR010W	HHT1	full-met-cleaved	Methyl, Methyl, Methyl; Ox; Missing Alanine (A)	-71.0200739787542	52.7653682593747	20210071.28	0	0	False
P81449_2full96_1G_P3_1T	E1585	YDR322C-A	TIM11	full-met-cleaved	Acetyl	-0.00717553192043852	64.5782265650675	3983985.51	0	0	False
P81451_2full68_1G_P1_1T	E1031	YOL077W-A	ATP19	full-met-cleaved		0.00196129049436422	56.2203856353601	19412646.11	0	0	False
Q01855_2full142_1G_P18_1T	E351	YOL040C	RPS15	full-met-cleaved	Acetyl; Ox; Ox	15.9877452209257	49.5889913750431	50688823.59	0	0	False
Q01855_2full142_1G_P22_1T	E217	YOL040C	RPS15	full-met-cleaved	Ox; Ox; Ox; Acetyl	42.0180001825102	54.7969687551963	212994910.41	690406903.59	1028626056.09	False
Q01855_2full142_1G_P42_1T	E359	YOL040C	RPS15	full-met-cleaved	Methyl; Methyl; Methyl; Sulfate Adduct	97.9547535799484	54.0748395638469	72649415.79	0	0	False
Q01855_2full142_1G_P46_1T	E472	YOL040C	RPS15	full-met-cleaved	Ox; Ox; Ox; Ox; Acetyl	42.0102762126935	54.4550425515344	39213075.74	163087521.94	279352963.75	False
Q01855_2full142_1G_P5_1T	E61	YOL040C	RPS15	full-met-cleaved	Acetyl	-0.00523320922366111	53.4319510252293	2352609973.07	431987975.92	696335799.72	False
Q02642_2full157_1G_P1_1T	E74	YPL037C	EGD1	full-met-cleaved		-0.00405175717241946	61.6180046395189	1499554193.64	139717617.7	137319756.54	False
Q02642_2full157_1G_P1_1T	E1251	YPL037C	EGD1	full-met-cleaved	Acetone Artifact	98.0627778171802	61.789495	1996147.55	0	0	False
Q02642_2full157_1G_P2_1T	E239	YPL037C	EGD1	full-met-cleaved	Ox	0.00840591538872104	61.2945239042931	209169662.17	34250223.1431593	37803061.11	False
Q02642_2full157_1G_P20_1T	E1384	YPL037C	EGD1	full-met-cleaved	Ox; Ox	-1.05456529126968E-05	59.660162620206	6107123.97	0	0	False
Q02642_2full157_1G_P7_1T	E822	YPL037C	EGD1	full-met-cleaved	Ammonia loss	-0.0192405903108011	61.3204796268098	17550579.54	0	0	False
Q02647_2full92_1G_P1_1T	E1669	YDR424C	DYN2	full-met-cleaved	Acetyl	41.9998947162676	64.5585341919164	1148837.57	0	0	False
Q02753_2full160_1G_P1_1T	E200	YBR191W	RPL21A	full-met-cleaved	Missing Isoleucine (I)	-113.091912896332	49.3417942961413	264764271.61	35815718.6907741	44996511.12	False
Q02753_2full160_1G_P2_1T	E1195	YBR191W	RPL21A	full-met-cleaved	Ox; Missing Isoleucine (I)	-113.083233036377	48.9777235393578	5153963.58	33877912.9181016	44062229.96	False
Q02753_2full160_1G_P2_1T	E484	YBR191W	RPL21A	full-met-cleaved	Ox; Ammonia loss	-17.0169156908414	49.6208972318662	26580724.62	0	0	False
Q02753_2full160_1G_P2_1T	E1177	YBR191W	RPL21A	full-met-cleaved	Ox; Ammonia loss; Acetyl; Missing Glycine (G)	-14.9816969139538	49.3314933333333	2338397.42	0	0	False
Q02784_30frag150_1G_P1_1T	E1410	YPL059W	GRX5	chain		-0.0055692924070172	65.0819348107281	2570775.3	0	0	False
Q03048_2full143_1G_P15_1T	E62	YLL050C	COF1	full-met-cleaved	Ox; Ammonia loss; Acetyl	42.0335978481125	57.9299923192733	1348064273.12	489188147.308903	814207891.610732	False
Q03048_2full143_1G_P20_1T	E1438	YLL050C	COF1	full-met-cleaved	Deamidation; Ox, Ox; Deamidation	0.970905427726393	51.2478487978689	2034707.96	0	0	False
Q03048_2full143_1G_P22_1T	E542	YLL050C	COF1	full-met-cleaved	Ammonia loss; Acetyl	-32.0306357326317	57.1032090751067	29139847.74	0	0	False
Q03048_2full143_1G_P22_1T	E269	YLL050C	COF1	full-met-cleaved	Ox, Ox; Ammonia loss; Acetyl	42.0369672470806	58.1475832375492	329058886.06	224490527.936578	373045950.12	False
Q04119_1frag83_1G_P2_1T	E1751	YDR452W	PPN1	propeptide	Ox; Acetone Artifact; Missing Lysine (K)	-30.0264136179467	84.4518251358223	1163978.33	0	0	False
Q04969_2full178_1G_P1_1T	E1714	YML055W	SPC2	full-met-cleaved	Acetyl	41.9997089894096	79.7870152642471	931810.62	0	0	False
Q05926_2full109_1G_P2_1T	E1044	YLR364W	GRX8	full-met-cleaved	Ox	0.00414718773390632	62.4598664021661	6129223.53	0	0	False
Q05926_2full109_1G_P2_1T	E257	YLR364W	GRX8	full-met-cleaved	Ox; Acetyl; Ox	58.0391149620682	60.831556773181	503235224.1	0	0	False
Q06346_136frag221_1G_P1_1T	E627	YDR367W	KEI1	chain		-0.00483125538630702	81.4804025308641	71577923.58	0	0	False
Q06405_7frag101_1G_P1_1T	E398	YDR377W	ATP17	chain		-0.00218730920278176	57.603651412445	103607296.68	0	0	False
Q06406_2full86_1G_P1_1T	E1209	YDR378C	LSM6	full-met-cleaved	Acetyl	42.0042335442704	63.4193272388967	8660842.64	0	0	False
Q06568_2full189_1G_P1_1T	E1783	YLR254C	NDL1	full-met-cleaved	Acetyl	42.0454649601561	70.5350841666667	387489.14	0	0	False
Q08245_2full113_1G_P12_1T	E421	YOL109W	ZEO1	full-met-cleaved	Acetyl; Phospho; Water Adduct	18.008700283659	50.8971980964405	16632379.01	0	0	False
Q08245_2full113_1G_P19_1T	E724	YOL109W	ZEO1	full-met-cleaved	Acetyl; Ammonia loss; Deamidation	0.988801018347658	50.81669	6518841.65	0	0	False
Q08245_2full113_1G_P4_1T	E394	YOL109W	ZEO1	full-met-cleaved	Acetyl	-0.00808868199965218	56.7228564104864	88224981.83	0	0	False
Q08745_2full105_1G_P1_1T	E30	YOR293W	RPS10A	full-met-cleaved	Retained Met	131.045813030874	61.418179204379	10126126499.44	791668214.7	856586597.57	False
Q08745_2full105_1G_P1_1T	E280	YOR293W	RPS10A	full-met-cleaved	Retained Met; Acetone Artifact	98.062411715795	61.907874705407	531965646.56	0	0	False
Q08745_2full105_1G_P1_1T	E625	YOR293W	RPS10A	full-met-cleaved	Retained Met; Acetone Artifact; Ox	114.06712579259	62.3100164390238	41118068.33	0	0	False
Q08745_2full105_1G_P2_1T	E49	YOR293W	RPS10A	full-met-cleaved	Ox; Retained Met	131.04397534581	61.2133645174331	5313979178.98	1150053498.68	1208608481.14	False
Q08927_2full131_1G_P2_1T	E281	YPL185W		full-met-cleaved	Ox; Methyl	14.0154658020783	53.7782316633863	219042194.06	0	0	False
Q08971_2full146_1G_P5_1T	E963	YPL225W		full-met-cleaved	Met Loss + Acetylation; Retained Met	131.037537874756	67.7755353529281	12202584.57	0	0	False
Q08971_2full146_1G_P6_1T	E524	YPL225W		full-met-cleaved	Met Loss + Acetylation; Ox; Retained Met	131.036230264304	67.2946477667736	32888013.64	0	0	False
Q12165_23frag160_1G_P1_1T	E183	YDL004W	ATP16	chain		-0.012822737413444	64.3064321764961	284415042.93	0	0	False
Q12330_2full94_1G_P1_1T	E1113	YOR159C	SME1	full-met-cleaved	Acetyl	42.0013989016024	72.8448417800244	13335391.8	0	0	False
Q12335_2full198_1G_P1_1T	E1119	YDR032C	PST2	full-met-cleaved		-0.0299819562133052	64.8803908333333	2663308.6	0	0	False
Q12349_33frag124_1G_P1_1T	E715	YLR295C	ATP14	chain	Deamidation	0.976314382814962	54.0070544628677	38497938.63	0	0	False
Q12402_2full180_1G_P3_1T	E331	YPR028W	YOP1	full-met-cleaved	Acetyl	-0.0068606867462222	96.7415317004106	391445854.37	0	0	False
Q12402_2full180_1G_P5_1T	E1252	YPR028W	YOP1	full-met-cleaved	Acetyl; Ox; Ox	16.0047777779546	96.3048300720943	28041677.33	0	0	False
Q12672_2full160_1G_P1_1T	E417	YPL079W	RPL21B	full-met-cleaved	Missing Isoleucine (I)	-113.091101446953	49.3337548841313	89750916.95	0	0	False
Q3E736_2full78_1G_P1_1T	E1845	YOR192C-C		full-met-cleaved	Hydrogen Dodecyl Sulfate	266.200432848482	89.9893657689486	2417309.07	0	0	False
Q3E736_2full78_1G_P1_1T	E1749	YOR192C-C		full-met-cleaved	Acetone Artifact	98.074092451232	87.884889701795	2224113.41	0	0	False
Q3E736_2full78_1G_P2_1T	E1875	YOR192C-C		full-met-cleaved	Ox; Hydrogen Dodecyl Sulfate	266.198160621778	89.1610079371841	969834.91	0	0	False
Q3E747_2full85_1G_P1_1T	E1221	YLR363W-A		full-met-cleaved		-0.00102945451726555	45.3318606130873	3602115.57	14831325.8568368	5474555.90215602	False
Q3E764_2full64_1G_P1_1T	E218	YLR262C-A	TMA7	full-met-cleaved	Acetyl	42.009342945842	45.554683675293	371971857.54	93847043.8	79581450.21	False
Q3E764_2full64_1G_P2_1T	E558	YLR262C-A	TMA7	full-met-cleaved	Ox; Acetyl	42.0080423796981	45.3414868993141	53873405.44	102584028.12	85431198.56	False
Q3E764_2full64_1G_P3_1T	E1354	YLR262C-A	TMA7	full-met-cleaved	Ox; Ox; Acetyl	42.0021148863552	45.09111035137	1723716.41	36274709.04	34417659.99	False
Q3E772_2full92_1G_P1_1T	E491	YGR169C-A		full-met-cleaved		-0.00345843241302646	44.7375679448851	128317035.91	54868322.35	63296522.24	False
Q3E772_2full92_1G_P2_1T	E662	YGR169C-A		full-met-cleaved	Ox	-0.00876297105423873	44.2977992750298	16692977.19	16382085.6134342	19442031.977997	False
Q3E772_2full92_1G_P3_1T	E1250	YGR169C-A		full-met-cleaved	Ox; Ox	0.0166822130486253	43.908971240608	3400166.13	0	0	False
Q3E792_2full108_1G_P3_1T	E13	YGR027C	RPS25A	full-met-cleaved	Methyl, Methyl	-0.00556836388750526	50.3421622556211	4207666404.45	2924904457.95	4323123294.74	False
Q3E792_2full108_1G_P3_1T	E1535	YGR027C	RPS25A	full-met-cleaved	Methyl, Methyl	-0.00243556369787257	57.7192885706206	7572499.1	0	0	False
Q3E792_2full108_1G_P3_1T	E284	YGR027C	RPS25A	full-met-cleaved	Methyl, Methyl; Sulfate Adduct; Phospho	177.936011304013	51.2505390451446	51022248.73	0	0	False
Q3E7B2_2full85_1G_P1_1T	E1736	YJL062W-A	COA3	full-met-cleaved		-0.000737191985535901	64.9712321457477	2138715.02	0	0	False
Q3E7B2_2full85_1G_P2_1T	E2070	YJL062W-A	COA3	full-met-cleaved	Ox	0.00307921545572754	64.180685	91917.87	0	0	False
Q3E7B7_2full68_1G_P1_1T	E1904	YDL085C-A		full-met-cleaved		-0.0046277554201879	44.0998966666667	239788.48	0	0	False
Q3E7B7_2full68_1G_P2_1T	E1563	YDL085C-A		full-met-cleaved	Ox	-0.002157220819754	43.7656691666667	852967	0	0	False
Q3E7X9_2full67_1G_P5_1T	E38	YOR167C	RPS28A	full-met-cleaved	Methyl; Retained Met	131.0223645599	53.2350397146414	2674453919.57	81332551.73	135051746.3	False
Q3E7X9_2full67_1G_P5_1T	E1187	YOR167C	RPS28A	full-met-cleaved	Methyl; Retained Met	131.020199059107	60.9804327518634	26601600.43	0	0	False
Q3E7X9_2full67_1G_P5_1T	E1092	YOR167C	RPS28A	full-met-cleaved	Methyl; Retained Met; Acetone Artifact	98.0696104014178	54.1012354412298	5944254.81	0	0	False
Q3E7X9_2full67_1G_P5_1T	E554	YOR167C	RPS28A	full-met-cleaved	Methyl; Retained Met; Sulfate Adduct	97.9591896448756	53.1035527398646	29093478.97	0	0	False
Q3E7X9_2full67_1G_P8_1T	E339	YOR167C	RPS28A	full-met-cleaved	Methyl; Ox; Retained Met	131.018912146704	52.4745955420458	285034957.68	12177332.2368841	26455557.075704	False
Q3E7X9_2full67_1G_P8_1T	E1891	YOR167C	RPS28A	full-met-cleaved	Methyl; Ox; Retained Met	131.020121075899	58.2405352372882	2206922.67	0	0	False
Q3E7X9_2full67_1G_P8_1T	E1217	YOR167C	RPS28A	full-met-cleaved	Methyl; Ox; Retained Met; Ox	147.011959021547	51.9195786971655	11177763.69	0	0	False
Q3E7Y3_2full130_1G_P1_2T	E1907	YLR367W	RPS22B	full-met-cleaved;full-met-cleaved		-0.0120604198455112	92.6462601355139	3182447.6	0	0	False
Q3E7Y3_2full130_1G_P1_2T	E98	YLR367W	RPS22B	full-met-cleaved;full-met-cleaved	Sulfate Adduct	97.9704596937718	57.8800011541858	444907594.58	0	0	False
Q3E7Y3_2full130_1G_P2_2T	E1493	YLR367W	RPS22B	full-met-cleaved;full-met-cleaved	Ox; Ammonia loss	-17.0043454950373	84.4205014493043	71608703.39	0	0	False
Q3E7Y3_2full130_1G_P2_2T	E575	YLR367W	RPS22B	full-met-cleaved;full-met-cleaved	Ox; Sulfate Adduct	97.9577934997924	56.9251518951273	15449957.85	0	0	False
Q3E7Y3_2full130_1G_P2_2T	E508	YLR367W	RPS22B	full-met-cleaved;full-met-cleaved	Ox; Ammonia loss	-17.0013713461231	64.8906836988694	119213737.22	0	0	False
Q3E7Y3_2full130_1G_P3_2T	E489	YLR367W	RPS22B	full-met-cleaved;full-met-cleaved	Ammonia loss	-32.0076092760628	58.1806382226597	52102685.27	0	0	False
Q3E7Y3_2full130_1G_P3_2T	E37	YLR367W	RPS22B	full-met-cleaved;full-met-cleaved	Ammonia loss; Ox	15.9849376056263	57.7952290793163	5081208530.03	1188789539.27	1718598971.71	False
Q3E7Y3_2full130_1G_P3_2T	E974	YLR367W	RPS22B	full-met-cleaved;full-met-cleaved	Ox; Ox	68.0652779565116	58.023658115166	7271591.29	0	0	False
Q3E7Y3_2full130_1G_P3_2T	E89	YLR367W	RPS22B	full-met-cleaved;full-met-cleaved	Ox; Ox; Ammonia loss	-17.0215712945137	57.7412921438252	1609023855.6	801906886.95	1228273271.01	False
Q3E7Y3_2full130_1G_P3_2T	E1659	YLR367W	RPS22B	full-met-cleaved;full-met-cleaved	Ox; Ox; Ammonia loss	-17.0002498574213	86.5801240875988	11470931.12	0	0	False
Q3E7Y3_2full130_1G_P3_2T	E400	YLR367W	RPS22B	full-met-cleaved;full-met-cleaved	Ox; Ox; Ammonia loss; Ox; Ox	32.0084171891722	57.5374481311702	102472248.44	0	0	False
Q3E7Y3_2full130_1G_P3_2T	E407	YLR367W	RPS22B	full-met-cleaved;full-met-cleaved	Ox; Ox; Ammonia loss; Hydrogen Dodecyl Sulfate; Ox	282.162072793535	59.0553089814287	46959381.93	0	0	False
Q3E7Y3_2full130_1G_P3_2T	E691	YLR367W	RPS22B	full-met-cleaved;full-met-cleaved	Ox; Ox; Ammonia loss; Ox; Ox; Hydrogen Dodecyl Sulfate	266.154058448819	57.596271195342	27279790.11	0	0	False
Q3E7Y3_2full130_1G_P3_2T	E1200	YLR367W	RPS22B	full-met-cleaved;full-met-cleaved	Ox; Ox; Ammonia loss; Hydrogen Dodecyl Sulfate; Ox; Ammonia loss	-16.9944207175977	60.055739975014	3698318.09	0	0	False
Q3E818_2full50_1G_P1_1T	E2061	YDR194W-A		full-met-cleaved	Acetone Artifact; Missing Lysine (K)	-30.0365639337306	28.9391609494407	266915.14	0	0	False
Q3E837_2full39_1G_P1_1T	E1867	YJL052C-A		full-met-cleaved	Retained Met; Ox	147.01360945235	51.0336325567259	1345073.96	0	0	False
Q3E837_2full39_1G_P1_1T	E1931	YJL052C-A		full-met-cleaved	Retained Met; Ox; Carbamidomethyl; Methyl	71.0370462438777	50.4635174461721	875200.01	0	0	False
Q6Q547_2full58_1G_P1_1T	E192	YHR072W-A	NOP10	full-met-cleaved	Retained Met	131.03798167844	46.8748248094635	378152708.38	11357775.1062178	23065564.0023751	False
Q6Q547_2full58_1G_P1_1T	E1348	YHR072W-A	NOP10	full-met-cleaved	Retained Met	131.04137637101	53.0384328635662	6950769.02	0	0	False
Q6Q547_2full58_1G_P1_1T	E1718	YHR072W-A	NOP10	full-met-cleaved	Retained Met; Acetone Artifact	98.0762205304918	47.281775	485829.17	0	0	False
Q6Q547_2full58_1G_P2_1T	E1908	YHR072W-A	NOP10	full-met-cleaved	Ox; Retained Met	131.040311973394	52.3849754724902	569047.76	0	0	False
Q6Q547_2full58_1G_P2_1T	E1026	YHR072W-A	NOP10	full-met-cleaved	Ox; Retained Met; Ox	147.032523349882	46.3406004725224	42555589.48	11828516.4943953	19632211.0913383	False
Q6Q560_2full94_1G_P2_1T	E1971	YER048W-A	ISD11	full-met-cleaved	Ox	-0.00180599555460503	59.7644223322583	443978.57	0	0	False
Q8TGM5_2full67_1G_P2_1T	E297	YLR154W-E	ART3	full-met-cleaved	Ox	0.026779672455632	52.876323091122	86996404.38	0	0	False
Q8TGM5_2full67_1G_P2_1T	E1216	YLR154W-E	ART3	full-met-cleaved	Ox; Ox	16.0010294583162	52.3377595883262	4291711.76	0	0	False
Q92317_2full146_1G_P1_1T	E1416	YDR397C	NCB2	full-met-cleaved		-0.004617002865416	77.6809523735102	3248889.61	0	0	False
Q96VH5_2full97_1G_P1_1T	E1049	YCL057C-A	MIC10	full-met-cleaved		-0.00553872847558523	69.1077386323142	11508114.45	0	0	False
Q96VH5_2full97_1G_P1_1T	E196	YCL057C-A	MIC10	full-met-cleaved	Acetyl	42.0072144173173	69.5113275215523	194760267.84	86756234.77	126116893.07	False
Q96VH5_2full97_1G_P1_1T	E1526	YCL057C-A	MIC10	full-met-cleaved	Hydrogen Dodecyl Sulfate	266.183704743402	62.5148849905031	4355074.05	0	0	False
Q96VH5_2full97_1G_P1_1T	E895	YCL057C-A	MIC10	full-met-cleaved	Acetyl; Hydrogen Dodecyl Sulfate	266.162168482333	71.2077966952487	30621182.98	0	0	False
Q96VH5_2full97_1G_P1_1T	E1033	YCL057C-A	MIC10	full-met-cleaved	Acetyl; Hydrogen Dodecyl Sulfate; Hydrogen Dodecyl Sulfate	532.306760601985	71.5818770758875	24737907.39	0	0	False
Q96VH5_2full97_1G_P1_1T	E1281	YCL057C-A	MIC10	full-met-cleaved	Acetyl; Hydrogen Dodecyl Sulfate; Hydrogen Dodecyl Sulfate; Hydrogen Dodecyl Sulfate	532.299971772145	71.7761207224678	12070733.29	0	0	False
Q96VH5_2full97_1G_P4_1T	E1015	YCL057C-A	MIC10	full-met-cleaved	Ox; Acetyl	42.004988330591	67.7994879383831	12190303.36	0	0	False
